Workbook
Name CalendárioAno1: #REF!
Name CalendárioAno10: #REF!
Name CalendárioAno11: #REF!
Name CalendárioAno12: #REF!
Name CalendárioAno2: #REF!
Name CalendárioAno3: #REF!
Name CalendárioAno4: #REF!
Name CalendárioAno5: #REF!
Name CalendárioAno6: #REF!
Name CalendárioAno7: #REF!
Name CalendárioAno8: #REF!
Name CalendárioAno9: #REF!
Name CaléndárioMês1: #REF!
Name CaléndárioMês10: #REF!
Name CaléndárioMês10Opção: MATCH([0]!CaléndárioMês10,[0]!Meses,0)
Name CaléndárioMês10Opção: MATCH([0]!CaléndárioMês10,[0]!Meses,0)
Name CaléndárioMês10Opção: MATCH([0]!CaléndárioMês10,[0]!Meses,0)
Name CaléndárioMês10Opção: MATCH([0]!CaléndárioMês10,[0]!Meses,0)
Name CaléndárioMês10Opção: MATCH([0]!CaléndárioMês10,[0]!Meses,0)
Name CaléndárioMês10Opção: MATCH([0]!CaléndárioMês10,[0]!Meses,0)
Name CaléndárioMês10Opção: MATCH([0]!CaléndárioMês10,[0]!Meses,0)
Name CaléndárioMês10Opção: MATCH([0]!CaléndárioMês10,[0]!Meses,0)
Name CaléndárioMês10Opção: MATCH([0]!CaléndárioMês10,[0]!Meses,0)
Name CaléndárioMês10Opção: MATCH([0]!CaléndárioMês10,[0]!Meses,0)
Name CaléndárioMês10Opção: MATCH([0]!CaléndárioMês10,[0]!Meses,0)
Name CaléndárioMês10Opção: MATCH([0]!CaléndárioMês10,[0]!Meses,0)
Name CaléndárioMês10Opção: MATCH([0]!CaléndárioMês10,[0]!Meses,0)
Name CaléndárioMês10Opção: MATCH([0]!CaléndárioMês10,[0]!Meses,0)
Name CaléndárioMês10Opção: MATCH([0]!CaléndárioMês10,[0]!Meses,0)
Name CaléndárioMês10Opção: MATCH([0]!CaléndárioMês10,[0]!Meses,0)
Name CaléndárioMês10Opção: MATCH([0]!CaléndárioMês10,[0]!Meses,0)
Name CaléndárioMês10Opção: MATCH([0]!CaléndárioMês10,[0]!Meses,0)
Name CaléndárioMês10Opção: MATCH([0]!CaléndárioMês10,[0]!Meses,0)
Name CaléndárioMês10Opção: MATCH([0]!CaléndárioMês10,[0]!Meses,0)
Name CaléndárioMês10Opção: MATCH([0]!CaléndárioMês10,[0]!Meses,0)
Name CaléndárioMês10Opção: MATCH([0]!CaléndárioMês10,[0]!Meses,0)
Name CaléndárioMês10Opção: MATCH(CaléndárioMês10,Meses,0)
Name CaléndárioMês11: #REF!
Name CaléndárioMês11Opção: MATCH([0]!CaléndárioMês11,[0]!Meses,0)
Name CaléndárioMês11Opção: MATCH([0]!CaléndárioMês11,[0]!Meses,0)
Name CaléndárioMês11Opção: MATCH([0]!CaléndárioMês11,[0]!Meses,0)
Name CaléndárioMês11Opção: MATCH([0]!CaléndárioMês11,[0]!Meses,0)
Name CaléndárioMês11Opção: MATCH([0]!CaléndárioMês11,[0]!Meses,0)
Name CaléndárioMês11Opção: MATCH([0]!CaléndárioMês11,[0]!Meses,0)
Name CaléndárioMês11Opção: MATCH([0]!CaléndárioMês11,[0]!Meses,0)
Name CaléndárioMês11Opção: MATCH([0]!CaléndárioMês11,[0]!Meses,0)
Name CaléndárioMês11Opção: MATCH([0]!CaléndárioMês11,[0]!Meses,0)
Name CaléndárioMês11Opção: MATCH([0]!CaléndárioMês11,[0]!Meses,0)
Name CaléndárioMês11Opção: MATCH([0]!CaléndárioMês11,[0]!Meses,0)
Name CaléndárioMês11Opção: MATCH([0]!CaléndárioMês11,[0]!Meses,0)
Name CaléndárioMês11Opção: MATCH([0]!CaléndárioMês11,[0]!Meses,0)
Name CaléndárioMês11Opção: MATCH([0]!CaléndárioMês11,[0]!Meses,0)
Name CaléndárioMês11Opção: MATCH([0]!CaléndárioMês11,[0]!Meses,0)
Name CaléndárioMês11Opção: MATCH([0]!CaléndárioMês11,[0]!Meses,0)
Name CaléndárioMês11Opção: MATCH([0]!CaléndárioMês11,[0]!Meses,0)
Name CaléndárioMês11Opção: MATCH([0]!CaléndárioMês11,[0]!Meses,0)
Name CaléndárioMês11Opção: MATCH([0]!CaléndárioMês11,[0]!Meses,0)
Name CaléndárioMês11Opção: MATCH([0]!CaléndárioMês11,[0]!Meses,0)
Name CaléndárioMês11Opção: MATCH([0]!CaléndárioMês11,[0]!Meses,0)
Name CaléndárioMês11Opção: MATCH([0]!CaléndárioMês11,[0]!Meses,0)

Sheet 01
A1: RELATÓRIO KPI - Zona Sul BENASSI
A2: REDES / FILIAIS | B2: MOTORISTA | C2: PLACA | D2: SAIDA CD | E2: CHD LOJA | F2: SAIDA LOJA | H2: TEMPOI EM LOJA 1
A3: Zona Sul Loja 36 - Botafogo | B3: SIDNEI / AGNALDO | C3: LKR-5990 | D3: 0.22222222 | E3: 0.26736111 | F3: 0.32986111 | H3: =MOD(F3-E3, 1) -> 0.0625
A4: Zona Sul Loja 33 - Humaitá | B4: FÁBIO P. / LUIZ ALBERTO | C4: KQY-9E24 | D4: 0.21875 | E4: 0.24305556 | F4: 0.30208333 | H4: =MOD(F4-E4, 1) -> 0.059027778
A5: Zona Sul Loja 30 - Laranjeiras | B5: SIDNEI ANTONIO MENDES | C5: LQE-5401 | D5: 0.1875 | E5: 0.20486111 | F5: 0.23263889 | H5: =MOD(F5-E5, 1) -> 0.027777778
A6: Zona Sul Loja 21 - Flamengo | B6: JOSUE DOS SANTOS | C6: BBH-1C94 | D6: 0.25694444 | E6: 0.28125 | F6: 0.32986111 | H6: =MOD(F6-E6, 1) -> 0.048611111
A7: Zona Sul Loja 04 - Copacabana II | B7: SANDRO EDUARDO/ MARCIO | C7: KVH-9J42 | D7: 0.30902778 | E7: 0.35763889 | F7: 0.37152778 | H7: =MOD(F7-E7, 1) -> 0.013888889
A8: Zona Sul Loja 18 - Copacabana | B8: ALEX | C8: LKW-2B80 | D8: 0.21875 | E8: 0.25347222 | F8: 0.31944444 | H8: =MOD(F8-E8, 1) -> 0.065972222
A9: Zona Sul Loja 07 - Leblon | B9: RAPHAEL /LUIZ ALVES | C9: LCO-0978 | D9: 0.25347222 | E9: 0.28472222 | F9: 0.38194444 | H9: =MOD(F9-E9, 1) -> 0.097222222
A10: Zona Sul Loja 48 - Recreio | B10: FRANCISCO IRAN | C10: RJL-7D33 | D10: 0.14583333 | E10: 0.18055556 | F10: 0.29513889 | H10: =MOD(F10-E10, 1) -> 0.11458333
A11: Zona Sul Loja 13 - Angra | B11: DOUGLAS | C11: CZB-9J19 | D11: 0 | E11: 0.26736111 | F11: 0.30555556 | H11: =MOD(F11-E11, 1) -> 0.038194444
A12: Zona Sul Loja 28 - Urca | B12: HLOG / FABRICIO | C12: TML-7D21 | D12: 0.64583333 | E12: 0.6875 | F12: 0.72222222 | H12: =MOD(F12-E12, 1) -> 0.034722222
A13: Zona Sul Loja 29 - Flamengo | B13: HLOG / FABRICIO | C13: TML-7D21 | D13: 0.64583333 | E13: 0.73263889 | F13: 0.74305556 | H13: =MOD(F13-E13, 1) -> 0.010416667
A14: Zona Sul Loja 08 - Ipanema | B14: EDUARDO / JOSENILDO ANISIO | C14: KRK-3D12 | D14: 0.62847222 | E14: 0.68055556 | F14: 0.69791667 | H14: =MOD(F14-E14, 1) -> 0.017361111
... A17: Zona Sul Loja 12 - Leme | B17: HLOG / SILVIO | C17: UGA-1D55 | D17: 0.65277778 | E17: 0.6875 | F17: 0.73263889 | H17: =MOD(F17-E17, 1) -> 0.045138889
A18: Zona Sul Loja 38 - Copacabana | B18: RAPHAEL / LUIZ ALVES | C18: LCO-0978 | D18: não | E18: foi ao | F18: cliente | H18: 0
A19: Zona Sul Loja 40 - Ipanema | B19: LUCIANO / ANDERSON | C19: LVE-0688 | D19: 0.66319444 | E19: 0.70486111 | F19: 0.75694444 | H19: =MOD(F19-E19, 1) -> 0.052083333
A20: Zona Sul Loja 34 - Barra | B20: CARLOS GONÇALVES | C20: LNU-9595 | D20: SEM | E20: RASTREADOR | H20: 0
A21: Zona Sul Loja 35 - Barra | B21: ALEX | C21: LKW-2B80 | D21: 0.62847222 | E21: 0.65972222 | F21: 0.6875 | H21: =MOD(F21-E21, 1) -> 0.027777778
A22: Zona Sul Loja 43 - Barra (Península) | B22: SIDNEI / DIEGO | C22: KQB-3F31 | D22: SEM | E22: RASTREADOR | H22: 0
A23: Zona Sul Loja 34 - Barra | B23: SIDNEI / DIEGO | C23: KQB-3F31 | D23: SEM | E23: RASTREADOR | H23: 0
A24: Zona Sul Loja 47 - Catete | B24: HLOG / MARCOS | C24: TML-3B11 | D24: 0.66666667 | E24: 0.70486111 | F24: 0.72916667 | H24: =MOD(F24-E24, 1) -> 0.024305556
A25: Zona Sul Loja 45 - Flamengo | B25: MOBRICI | C25: AOP-3C73 | D25: 0.69097222 | E25: 0.71875 | F25: 0.77777778 | H25: =MOD(F25-E25, 1) -> 0.059027778
A26: Zona Sul Loja 19 - Copacabana | B26: SÉRGIO JOSE DA SILVA | C26: LJS-2172 | D26: 0.64583333 | E26: 0.6875 | F26: 0.76736111 | H26: =MOD(F26-E26, 1) -> 0.079861111
A27: Zona Sul Loja 05 - Copacabana III | B27: ALESSANDRA/ JONESON | C27: EBG-2D13 | D27: 0.68402778 | E27: 0.70833333 | F27: 0.75694444 | H27: =MOD(F27-E27, 1) -> 0.048611111
A28: Zona Sul Loja 20 - Botafogo | B28: ALESSANDRA/ JONESON | C28: EBG-2D13 | D28: 0.68402778 | E28: 0.77777778 | F28: 0.78819444 | H28: =MOD(F28-E28, 1) -> 0.010416667
A29: Zona Sul Loja 25 - Jd.Botânico | B29: DOUGLAS | C29: CZB-9J19 | D29: 0.6875 | E29: 0.72222222 | F29: 0.73958333 | H29: =MOD(F29-E29, 1) -> 0.017361111
A30: Zona Sul Loja 22 - S.Conrado | B30: DOUGLAS | C30: CZB-9J19 | D30: 0.6875 | E30: 0.74652778 | F30: 0.76041667 | H30: =MOD(F30-E30, 1) -> 0.013888889
A31: Zona Sul Loja 31 - Jd.Botânico | B31: FÁBIO BORGES | C31: LAF-0697 | D31: 0.65625 | E31: 0.6875 | F31: 0.69444444 | H31: =MOD(F31-E31, 1) -> 0.0069444444
A32: Zona Sul Loja 17 - Barra | B32: RENATO | C32: JAJ-6B36 | D32: 0.67708333 | E32: 0.71875 | F32: 0.73958333 | H32: =MOD(F32-E32, 1) -> 0.020833333
A33: Zona Sul Loja 23 - Barra | B33: LUIZ / CARLOS | C33: LUP-1F13 | D33: 0.62847222 | E33: 0.66319444 | F33: 0.70138889 | H33: =MOD(F33-E33, 1) -> 0.038194444
A34: Zona Sul Loja 44 - Barra | B34: LUIZ / CARLOS | C34: LUP-1F13 | D34: 0.62847222 | E34: 0.70486111 | F34: 0.71527778 | H34: =MOD(F34-E34, 1) -> 0.010416667
A35: Zona Sul Loja 10 - Recreio | B35: JHONATA FREIRE DA SILVA | C35: KYM-2I62 | D35: SEM | E35: RASTREADOR | H35: 0
A36: Zona Sul Mega Box 2 - Recreio | B36: EVERTON | C36: CYB-3B90 | D36: 0.66666667 | E36: 0.70138889 | F36: 0.72222222 | H36: =MOD(F36-E36, 1) -> 0.020833333
A37: Zona Sul Loja 03 - Copacabana I | B37: FÁBIO / RODRIGO | C37: KWK-4593 | D37: 0.68402778 | E37: 0.73263889 | F37: 0.74305556 | H37: =MOD(F37-E37, 1) -> 0.010416667
A38: Zona Sul Loja 26 - Copacabana | B38: FÁBIO / RODRIGO | C38: KWK-4593 | D38: 0.68402778 | E38: 0.74652778 | F38: 0.77083333 | H38: =MOD(F38-E38, 1) -> 0.024305556
A39: Zona Sul Loja 32 - Laranjeiras | B39: WILIAN FERES | C39: EFU-5704 | D39: 0.68055556 | E39: 0.70486111 | F39: 0.72916667 | H39: =MOD(F39-E39, 1) -> 0.024305556
A40: Zona Sul Loja 42 - Botafogo | B40: JOSUE DOS SANTOS | C40: BBH-1C94 | D40: 0.66666667 | E40: 0.71180556 | F40: 0.74652778 | H40: =MOD(F40-E40, 1) -> 0.034722222
A41: Zona Sul Mega Box 1 - Olaria | B41: FRANCISCO IRAN | C41: RJL-7D33 | D41: 0.62847222 | E41: 0.64930556 | F41: 0.66319444 | H41: =MOD(F41-E41, 1) -> 0.013888889
A42: Zona Sul Loja 1129 - Olaria | B42: SIDNEI / AGNALDO | C42: LKR-5990 | D42: 0.68055556 | E42: 0.69444444 | F42: 0.70833333 | H42: =MOD(F42-E42, 1) -> 0.013888889
A43: Zona Sul Loja 06 - Gávea | B43: SANDRO EDUARDO / MARCIO | C43: KVH-9J42 | D43: 0.66319444 | E43: 0.70138889 | F43: 0.75694444 | H43: =MOD(F43-E43, 1) -> 0.055555556
A44: Zona Sul Loja 46 - Botafogo | B44: EDUARDO | C44: LTE-0E64 | D44: SEM | E44: RASTREADOR | H44: 0
H45: =MOD(F45-E45, 1) -> 0
H46: =MOD(F46-E46, 1) -> 0
H47: =MOD(F47-E47, 1) -> 0
H48: =MOD(F48-E48, 1) -> 0
H49: =MOD(F49-E49, 1) -> 0
H50: =MOD(F50-E50, 1) -> 0
H51: =MOD(F51-E51, 1) -> 0
H52: =MOD(F52-E52, 1) -> 0
H53: =MOD(F53-E53, 1) -> 0
H54: =MOD(F54-E54, 1) -> 0
H55: =MOD(F55-E55, 1) -> 0
H56: =MOD(F56-E56, 1) -> 0
... H69: =MOD(F69-E69, 1) -> 0

Sheet 02
A1: RELATÓRIO KPI - Zona Sul BENASSI
A2: REDES / FILIAIS | B2: MOTORISTA | C2: PLACA | D2: SAIDA CD | E2: CHD LOJA 1 | F2: SAIDA LOJA 1 | H2: TEMPO EM LOJA 1
A3: Zona Sul Loja 11 - Leblon | B3: MARCIO / ERIVELTON | C3: KRH-5H67 | D3: NÃO | E3: FOI AO | F3: CLIENTE | H3: 0
A4: Zona Sul Loja 11 - Leblon | B4: WILLIAM | C4: INW-8A51 | D4: NÃO | E4: FOI AO | F4: CLIENTE | H4: 0
A5: Zona Sul Loja 11 - Leblon | B5: HLOG / BRUNO / MARTINS | C5: UBF-5G33 | D5: 0.21875 | E5: 0.25 | F5: 0.32986111 | H5: =MOD(F5-E5, 1) -> 0.079861111
A6: Zona Sul Loja 14 - Leblon | B6: JÚLIO COUTO/INACIO ARAUJO | C6: LQU-5546 | D6: 0.17013889 | E6: 0.20138889 | F6: 0.31597222 | H6: =MOD(F6-E6, 1) -> 0.11458333
A7: Zona Sul Loja 14 - Leblon | B7: JOSUE DOS SANTOS | C7: BBH-1C94 | D7: 0.21527778 | E7: 0.24652778 | F7: 0.34027778 | H7: =MOD(F7-E7, 1) -> 0.09375
A8: Zona Sul Loja 36 - Botafogo | B8: MOBRICI | C8: AOP-3C73 | D8: 0.22222222 | E8: 0.25 | F8: 0.29513889 | H8: =MOD(F8-E8, 1) -> 0.045138889
A9: Zona Sul Loja 33 - Humaitá | B9: MOBRICI | C9: AOP-3C73 | D9: 0.22222222 | E9: 0.30208333 | F9: 0.33333333 | H9: =MOD(F9-E9, 1) -> 0.03125
A10: Zona Sul Loja 30 - Laranjeiras | B10: SIDNEI ANTONIO MENDES | C10: LQE-5401 | D10: 0.19097222 | E10: 0.20833333 | F10: 0.22916667 | H10: =MOD(F10-E10, 1) -> 0.020833333
A11: Zona Sul Loja 21 - Flamengo | B11: FÁBIO / RODRIGO | C11: KWK-4593 | D11: 0.21527778 | E11: 0.23958333 | F11: 0.34375 | H11: =MOD(F11-E11, 1) -> 0.10416667
A12: Zona Sul Loja 04 - Copacabana II | B12: SANDRO EDUARDO/ MARCIO | C12: KVH-9J42 | D12: 0.20486111 | E12: 0.22569444 | F12: 0.35069444 | H12: =MOD(F12-E12, 1) -> 0.125
A13: Zona Sul Loja 18 - Copacabana | B13: ALEX | C13: LKW-2B80 | D13: 0.1875 | E13: 0.21875 | F13: 0.28125 | H13: =MOD(F13-E13, 1) -> 0.0625
A14: Zona Sul Loja 07 - Leblon | B14: RAPHAEL /LUIZ ALVES | C14: LCO-0978 | D14: 0.24652778 | E14: 0.34722222 | F14: 0.37847222 | H14: =MOD(F14-E14, 1) -> 0.03125
A15: Zona Sul Loja 07 - Leblon | B15: FÁBIO / VLADIMIR | C15: KQY-9E24 | D15: 0.21875 | E15: 0.25347222 | F15: 0.34375 | H15: =MOD(F15-E15, 1) -> 0.090277778
A16: Zona Sul Loja 48 - Recreio | B16: FRANCISCO IRAN | C16: RJL-7D33 | D16: 0.14930556 | E16: 0.17708333 | F16: 0.3125 | H16: =MOD(F16-E16, 1) -> 0.13541667
... A19: Zona Sul Loja 29 - Flamengo | B19: ALEX | C19: LKW-2B80 | D19: 0.66666667 | E19: 0.69444444 | F19: 0.71180556 | H19: =MOD(F19-E19, 1) -> 0.017361111
A20: Zona Sul Loja 11 - Leblon | B20: MARCIO / ERIVELTON | C20: KRH-5H67 | D20: NÃO | E20: FOI AO | F20: CLIENTE | H20: 0
A21: Zona Sul Loja 11 - Leblon | B21: WILLIAM / EDMILSON JOSÉ | C21: LTQ-0783 | D21: 0.48611111 | E21: 0.54513889 | F21: 0.61458333 | H21: =MOD(F21-E21, 1) -> 0.069444444
A22: Zona Sul Loja 08 - Ipanema | B22: DOUGLAS | C22: LTE-0A64 | D22: SEM | E22: RASTREADOR | H22: 0
A23: Zona Sul Loja 08 - Ipanema | B23: HLOG / MARCOS FERNANDO | C23: QSU-6I54 | D23: 0.73958333 | E23: 0.78125 | F23: 0.8125 | H23: =MOD(F23-E23, 1) -> 0.03125
A24: Zona Sul Loja 10 - Recreio | B24: CARLOS GONÇALVES | C24: LNU-9595 | D24: SEM | E24: RASTREADOR | H24: 0
A25: Zona Sul Loja 34 - Barra | B25: DOUGLAS | C25: CZB-9J19 | D25: 0.60069444 | E25: 0.63888889 | F25: 0.66319444 | H25: =MOD(F25-E25, 1) -> 0.024305556
A26: Zona Sul Loja 34 - Barra | B26: LUIZ / NILTON RODRIGUES | C26: AKZ-2594 | D26: 0.72222222 | E26: 0.75347222 | F26: 0.77777778 | H26: =MOD(F26-E26, 1) -> 0.024305556
A27: Zona Sul Loja 40 - Ipanema | B27: RAPHAEL / LUIZ ALVES | C27: LCO-0978 | D27: 0.65277778 | E27: 0.69444444 | F27: 0.76736111 | H27: =MOD(F27-E27, 1) -> 0.072916667
A28: Zona Sul Loja 40 - Ipanema | B28: HLOG / JONATHAN MARCIO | C28: TML-9I75 | D28: 0.77083333 | E28: 0.81597222 | F28: 0.86458333 | H28: =MOD(F28-E28, 1) -> 0.048611111
A29: Zona Sul Loja 45 - Flamengo | B29: MOBRICI | C29: AOP-3C73 | D29: 0.59375 | E29: 0.65972222 | F29: 0.69097222 | H29: =MOD(F29-E29, 1) -> 0.03125
A30: Zona Sul Loja 45 - Flamengo | B30: FELIPE SILVA | C30: KUL-1425 | D30: NÃO | E30: FOI AO | F30: CLIENTE | H30: 0
A31: Zona Sul Mega Box 1 - Olaria | B31: ALESSANDRA/ JONESON | C31: EBG-2D13 | D31: 0.64583333 | E31: 0.66319444 | F31: 0.69444444 | H31: =MOD(F31-E31, 1) -> 0.03125
A32: Zona Sul Mega Box 2 - Recreio | B32: JHONATA FREIRE DA SILVA | C32: KYM-2I62 | D32: SEM | E32: RASTREADOR | H32: 0
A33: Zona Sul Mega Box 1 - Olaria | B33: PAULO ROBERTO | C33: MDV-3746 | D33: SEM | E33: RASTREADOR | H33: 0
A34: Zona Sul Mega Box 2 - Recreio | B34: PAULO ROBERTO | C34: MDV-3746 | D34: SEM | E34: RASTREADOR | H34: 0
A35: Zona Sul Loja 01 - Ipanema | B35: FÁBIO / VLADIMIR | C35: KQY-9E24 | D35: 0.68055556 | E35: 0.72222222 | F35: 0.74652778 | H35: =MOD(F35-E35, 1) -> 0.024305556
A36: Zona Sul Loja 14 - Leblon | B36: JÚLIO COUTO / INACIO ARAUJO | C36: LQU-5546 | D36: 0.48958333 | E36: 0.53125 | H36: =MOD(F36-E36, 1) -> 0.46875
A37: Zona Sul Loja 09 - Ipanema | B37: FRANCISCO IRAN | C37: RJL-7D33 | D37: 0.625 | E37: 0.67708333 | F37: 0.71527778 | H37: =MOD(F37-E37, 1) -> 0.038194444
A38: Zona Sul Loja 43 - Barra (Península) | B38: SIDNEI / DIEGO | C38: KQB-3F31 | D38: SEM | E38: RASTREADOR | H38: 0
A39: Zona Sul Loja 35 - Barra | B39: SIDNEI / AGNALDO | C39: LKR-5990 | D39: 0.77777778 | E39: 0.86458333 | F39: 0.88541667 | H39: =MOD(F39-E39, 1) -> 0.020833333
A40: Zona Sul Loja 47 - Catete | B40: FÁBIO / RODRIGO | C40: KWK-4593 | D40: 0.69097222 | E40: 0.72222222 | F40: 0.76736111 | H40: =MOD(F40-E40, 1) -> 0.045138889
A41: Zona Sul Loja 20 - Botafogo | B41: EDUARDO / JOSENILDO ANISIO | C41: KRK-3D12 | D41: 0.79513889 | E41: 0.82986111 | F41: 0.89236111 | H41: =MOD(F41-E41, 1) -> 0.0625
A42: Zona Sul Loja 22 - S.Conrado | B42: WILIAN FERES | C42: EFU-5704 | D42: 0.84375 | E42: 0.88541667 | F42: 0.90277778 | H42: =MOD(F42-E42, 1) -> 0.017361111
A43: Zona Sul Loja 25 - Jd.Botânico | B43: EVERTON | C43: CYB-3B90 | D43: 0.75694444 | E43: 0.80208333 | F43: 0.83333333 | H43: =MOD(F43-E43, 1) -> 0.03125
A44: Zona Sul Loja 31 - Jd.Botânico | B44: LUCIANO / ANDERSON | C44: LVE-0688 | D44: 0.77430556 | E44: 0.8125 | F44: 0.83680556 | H44: =MOD(F44-E44, 1) -> 0.024305556
A45: Zona Sul Loja 17 - Barra | B45: ALESSANDRA/ JONESON | C45: EBG-2D13 | D45: 0.78819444 | E45: 0.81944444 | F45: 0.83333333 | H45: =MOD(F45-E45, 1) -> 0.013888889
A46: Zona Sul Loja 23 - Barra | B46: SÉRGIO JOSE DA SILVA | C46: LJS-2172 | D46: 0.78819444 | E46: 0.83333333 | F46: 0.88194444 | H46: =MOD(F46-E46, 1) -> 0.048611111
A47: Zona Sul Loja 44 - Barra | B47: FÁBIO BORGES | C47: LAF-0697 | D47: 0.81944444 | E47: 0.86458333 | F47: 0.88194444 | H47: =MOD(F47-E47, 1) -> 0.017361111
A48: Zona Sul Loja 32 - Laranjeiras | B48: RAPHAEL / LUIZ ANTONIO ALVES | C48: KMY-5561 | D48: 0.83333333 | E48: 0.91319444 | F48: 0.95486111 | H48: =MOD(F48-E48, 1) -> 0.041666667
A49: Zona Sul Loja 42 - Botafogo | B49: RAPHAEL / LUIZ ANTONIO ALVES | C49: KMY-5561 | D49: 0.83333333 | E49: 0.86458333 | F49: 0.90277778 | H49: =MOD(F49-E49, 1) -> 0.038194444
A50: Zona Sul Loja 06 - Gávea | B50: FELIPE / PAULO CESAR | C50: LNU-7733 | D50: 0.82986111 | E50: 0.86458333 | F50: 0.89930556 | H50: =MOD(F50-E50, 1) -> 0.034722222
... A52: Zona Sul Loja 1129 - Olaria | B52: MARCIO | C52: LTH-4J15 | D52: 0.79166667 | E52: 0.80555556 | F52: 0.81597222 | H52: =MOD(F52-E52, 1) -> 0.010416667
H53: =MOD(F53-E53, 1) -> 0
H54: =MOD(F54-E54, 1) -> 0
H55: =MOD(F55-E55, 1) -> 0
H56: =MOD(F56-E56, 1) -> 0
H57: =MOD(F57-E57, 1) -> 0
H58: =MOD(F58-E58, 1) -> 0
H59: =MOD(F59-E59, 1) -> 0
H60: =MOD(F60-E60, 1) -> 0
H61: =MOD(F61-E61, 1) -> 0
H62: =MOD(F62-E62, 1) -> 0
H63: =MOD(F63-E63, 1) -> 0
H64: =MOD(F64-E64, 1) -> 0
... H69: =MOD(F69-E69, 1) -> 0

Sheet 03
A1: RELATÓRIO KPI - Zona Sul BENASSI
A2: REDES / FILIAIS | B2: MOTORISTA | C2: PLACA | D2: SAIDA CD | E2: CHD LOJA 1 | F2: SAIDA LOJA 1 | H2: TEMPOI EM LOJA 1
A3: Zona Sul Loja 03 - Copacabana I | B3: MILTON | C3: KOP-4978 | D3: 0.25694444 | E3: 0.3125 | F3: 0.33333333 | H3: =MOD(F3-E3, 1) -> 0.020833333
A4: Zona Sul Loja 04 - Copacabana II | B4: SANDRO EDUARDO/ MARCIO | C4: KVH-9J42 | D4: 0.28819444 | E4: 0.31944444 | F4: 0.36111111 | H4: =MOD(F4-E4, 1) -> 0.041666667
A5: Zona Sul Loja 05 - Copacabana III | B5: FÁBIO P. /RODRIGO | C5: KWK-4593 | D5: 0.23263889 | E5: 0.28125 | F5: 0.30555556 | H5: =MOD(F5-E5, 1) -> 0.024305556
A6: Zona Sul Loja 38 - Copacabana | B6: FÁBIO P. /RODRIGO | C6: KWK-4593 | D6: 0.23263889 | E6: 0.3125 | F6: 0.35763889 | H6: =MOD(F6-E6, 1) -> 0.045138889
A7: Zona Sul Loja 12 - Leme | B7: JÚLIO COUTO / INACIO ARAUJO | C7: LQU-5546 | D7: 0.19097222 | E7: 0.22569444 | F7: 0.38194444 | H7: =MOD(F7-E7, 1) -> 0.15625
A8: Zona Sul Loja 18 - Copacabana | B8: ALEX | C8: LKW-2B80 | D8: 0.22569444 | E8: 0.25694444 | F8: 0.30555556 | H8: =MOD(F8-E8, 1) -> 0.048611111
A9: Zona Sul Loja 19 - Copacabana | B9: JOSUE DOS SANTOS | C9: BBH-1C94 | D9: 0.39930556 | E9: 0.43055556 | F9: 0.52430556 | H9: =MOD(F9-E9, 1) -> 0.09375
A10: Zona Sul Loja 26 - Copacabana | B10: FÁBIO / VLADIMIR | C10: KQY-9E24 | D10: 0.23611111 | E10: 0.26736111 | F10: 0.29861111 | H10: =MOD(F10-E10, 1) -> 0.03125
A11: Zona Sul Loja 30 - Laranjeiras | B11: SIDNEI ANTONIO MENDES | C11: LQE-5401 | D11: 0.20138889 | E11: 0.22569444 | F11: 0.29166667 | H11: =MOD(F11-E11, 1) -> 0.065972222
A12: Zona Sul Loja 21 - Flamengo | B12: MOBRICE | C12: AOP-3C73 | D12: 0.24652778 | E12: 0.3125 | F12: 0.33680556 | H12: =MOD(F12-E12, 1) -> 0.024305556
A13: Zona Sul Loja 33 - Humaitá | B13: MOBRICE | C13: AOP-3C73 | D13: 0.24652778 | E13: 0.34027778 | F13: 0.36111111 | H13: =MOD(F13-E13, 1) -> 0.020833333
A14: Zona Sul Loja 36 - Botafogo | B14: RAPHAEL / LUIZ ALVES | C14: LCO-0978 | D14: 0.22569444 | E14: 0.25347222 | F14: 0.33680556 | H14: =MOD(F14-E14, 1) -> 0.083333333
... A16: Zona Sul Loja 13 - Angra | B16: JULIO | C16: CZB-9J19 | D16: 0 | E16: 0.27083333 | F16: 0.30555556 | H16: =MOD(F16-E16, 1) -> 0.034722222
H17: =MOD(F17-E17, 1) -> 0
H18: =MOD(F18-E18, 1) -> 0
H19: =MOD(F19-E19, 1) -> 0
H20: =MOD(F20-E20, 1) -> 0
H21: =MOD(F21-E21, 1) -> 0
H22: =MOD(F22-E22, 1) -> 0
H23: =MOD(F23-E23, 1) -> 0
H24: =MOD(F24-E24, 1) -> 0
H25: =MOD(F25-E25, 1) -> 0
H26: =MOD(F26-E26, 1) -> 0
H27: =MOD(F27-E27, 1) -> 0
H28: =MOD(F28-E28, 1) -> 0
... H68: =MOD(F68-E68, 1) -> 0

Sheet 04
A1: RELATÓRIO KPI - Zona Sul BENASSI
A2: REDES / FILIAIS | B2: MOTORISTA | C2: PLACA | D2: SAIDA CD | E2: CHD LOJA 1 | F2: SAIDA LOJA 1 | H2: TEMPOI EM LOJA 1
A3: Zona Sul Loja 19 - Copacabana | B3: SÉRGIO JOSE DA SILVA | C3: LJS-2172 | D3: NÃO | E3: FOI AO | F3: CLIENTE | H3: 0
A4: Zona Sul Loja 26 - Copacabana | B4: FÁBIO / VLADIMIR | C4: KQY-9E24 | D4: NÃO | E4: FOI AO | F4: CLIENTE | H4: 0
A5: Zona Sul Loja 30 - Laranjeiras | B5: SIDNEI ANTONIO MENDES | C5: LQE-5401 | D5: NÃO | E5: FOI AO | F5: CLIENTE | H5: 0
A6: Zona Sul Loja 36 - Botafogo | B6: RAPHAEL / LUIZ ALVES | C6: LCO-0978 | D6: 0.22222222 | E6: 0.25 | F6: 0.29513889 | H6: =MOD(F6-E6, 1) -> 0.045138889
A7: Zona Sul Loja 48 - Recreio | B7: FRANCISCO IRAN | C7: RJL-7D33 | D7: NÃO | E7: FOI AO | F7: CLIENTE | H7: 0
A8: Zona Sul Loja 13 - Angra | B8: JULIO | C8: CZB-9J19 | D8: NÃO | E8: FOI AO | F8: CLIENTE | H8: 0
A9: Zona Sul Loja 27 - Ipanema | B9: MOBRICI | C9: AOP-3C73 | D9: 0.17708333 | E9: 0.22222222 | F9: 0.23263889 | H9: =MOD(F9-E9, 1) -> 0.010416667
A10: Zona Sul Loja 15 - Leblon | B10: MOBRICI | C10: AOP-3C73 | D10: 0.17708333 | E10: 0.24305556 | F10: 0.28125 | H10: =MOD(F10-E10, 1) -> 0.038194444
A11: Zona Sul Loja 07 - Leblon | B11: RAPHAEL /LUIZ ALVES | C11: LCO-0978 | D11: NÃO | E11: FOI AO | F11: CLIENTE | H11: 0
A12: Zona Sul Loja 04 - Copacabana II | B12: MILTON | C12: KOP-4978 | D12: 0.50694444 | E12: 0.55208333 | F12: 0.56597222 | H12: =MOD(F12-E12, 1) -> 0.013888889
A13: Zona Sul Loja 18 - Copacabana | B13: MILTON | C13: KOP-4978 | D13: 0.50694444 | E13: 0.56944444 | F13: 0.63194444 | H13: =MOD(F13-E13, 1) -> 0.0625
A14: Zona Sul Loja 15 - Leblon | B14: ALEX | C14: LKW-2B80 | D14: 0.48958333 | E14: 0.56597222 | F14: 0.57986111 | H14: =MOD(F14-E14, 1) -> 0.013888889
A15: Zona Sul Loja 25 - Jd.Botânico | B15: ALEX | C15: LKW-2B80 | D15: 0.48958333 | E15: 0.53819444 | F15: 0.55902778 | H15: =MOD(F15-E15, 1) -> 0.020833333
A16: Zona Sul Loja 46 - Botafogo | B16: FÁBIO / VLADIMIR | C16: KQY-9E24 | D16: 0.48611111 | E16: 0.53472222 | F16: 0.57291667 | H16: =MOD(F16-E16, 1) -> 0.038194444
A17: Zona Sul Loja 36 - Botafogo | B17: FÁBIO / VLADIMIR | C17: KQY-9E24 | D17: 0.48611111 | E17: 0.57638889 | F17: 0.59027778 | H17: =MOD(F17-E17, 1) -> 0.013888889
A18: Zona Sul Loja 47 - Catete | B18: FRANCISCO IRAN | C18: RJL-7D33 | D18: 0.45833333 | E18: 0.49305556 | F18: 0.52777778 | H18: =MOD(F18-E18, 1) -> 0.034722222
A19: Zona Sul Loja 31 - Jd.Botânico | B19: FRANCISCO IRAN | C19: RJL-7D33 | D19: 0.45833333 | E19: 0.55208333 | F19: 0.5625 | H19: =MOD(F19-E19, 1) -> 0.010416667
A20: Zona Sul Loja 10 - Recreio | B20: FÁBIO P. /RODRIGO | C20: KWK-4593 | D20: 0.47569444 | E20: 0.59722222 | F20: 0.61111111 | H20: =MOD(F20-E20, 1) -> 0.013888889
A21: Zona Sul Loja 17 - Barra | B21: FÁBIO P. /RODRIGO | C21: KWK-4593 | D21: 0.47569444 | E21: 0.51041667 | F21: 0.58333333 | H21: =MOD(F21-E21, 1) -> 0.072916667
A22: Zona Sul Loja 1129 - Olaria | B22: SIDNEI /DIEGO | C22: KQB-3F31 | D22: SEM | E22: RASTREADOR | H22: 0
A23: Zona Sul Mega Box 1 - Olaria | B23: SIDNEI /DIEGO | C23: KQB-3F31 | D23: SEM | E23: RASTREADOR | H23: 0
A24: Zona Sul Loja 08 - Ipanema | B24: SÉRGIO JOSE DA SILVA* | C24: LJS-2172 | D24: 0.45138889 | E24: 0.50694444 | F24: 0.63194444 | H24: =MOD(F24-E24, 1) -> 0.125
A25: Zona Sul Loja 19 - Copacabana | B25: LUIZ / NILTON RODRIGUES | C25: AKZ-2594 | D25: 0.45833333 | E25: 0.5 | F25: 0.58680556 | H25: =MOD(F25-E25, 1) -> 0.086805556
A26: Zona Sul Mega Box 2 - Recreio | B26: ALESSANDRA/ JONESON | C26: EBG-2D13 | D26: 0.67361111 | E26: 0.70833333 | F26: 0.75347222 | H26: =MOD(F26-E26, 1) -> 0.045138889
A27: Zona Sul Loja 34 - Barra | B27: THIAGO | C27: CYB-3B90 | D27: 0.46875 | E27: 0.51041667 | F27: 0.53125 | H27: =MOD(F27-E27, 1) -> 0.020833333
A28: Zona Sul Loja 28 - Urca | B28: EDUARDO / JOSENILDO ANISIO | C28: KRK-3D12 | D28: 0.64930556 | E28: 0.6875 | F28: 0.70833333 | H28: =MOD(F28-E28, 1) -> 0.020833333
A29: Zona Sul Loja 29 - Flamengo | B29: EDUARDO / JOSENILDO ANISIO | C29: KRK-3D12 | D29: 0.64930556 | E29: 0.71875 | F29: 0.73958333 | H29: =MOD(F29-E29, 1) -> 0.020833333
A30: Zona Sul Loja 07 - Leblon | B30: ALESSIO | C30: KQR-2J11 | D30: 0.63888889 | E30: 0.67013889 | F30: 0.69444444 | H30: =MOD(F30-E30, 1) -> 0.024305556
A31: Zona Sul Loja 11 - Leblon | B31: MARCIO / ERIVELTON | C31: KRH-5H67 | D31: 0.69444444 | E31: 0.77777778 | F31: 0.79861111 | H31: =MOD(F31-E31, 1) -> 0.020833333
A32: Zona Sul Loja 11 - Leblon | B32: HLOG / DENIS/FABIO | C32: UBF-5G33 | D32: 0.57986111 | E32: 0.61111111 | F32: 0.73611111 | H32: =MOD(F32-E32, 1) -> 0.125
A33: Zona Sul Loja 11 - Leblon | B33: WILLIAM | C33: INW-8A51 | D33: 0.5625 | E33: 0.60763889 | F33: 0.69444444 | H33: =MOD(F33-E33, 1) -> 0.086805556
A34: Zona Sul Loja 08 - Ipanema | B34: DOUGLAS | C34: CZB-9J19 | D34: 0.66319444 | E34: 0.70833333 | F34: 0.71527778 | H34: =MOD(F34-E34, 1) -> 0.0069444444
A35: Zona Sul Loja 09 - Ipanema | B35: TIAGO DA COSTA | C35: TTX-9E34 | D35: SEM | E35: RASTREADOR | H35: 0
A36: Zona Sul Loja 01 - Ipanema | B36: JHONATA FREIRE DA SILVA | C36: KYM-2I62 | D36: SEM | E36: RASTREADOR | H36: 0
A37: Zona Sul Loja 12 - Leme | B37: DOUGLAS | C37: LTE-0A64 | D37: SEM | E37: RASTREADOR | H37: 0
A38: Zona Sul Loja 38 - Copacabana | B38: LUCIANO / ANDERSON | C38: LVE-0688 | D38: 0.69097222 | E38: 0.73958333 | F38: 0.76736111 | H38: =MOD(F38-E38, 1) -> 0.027777778
A39: Zona Sul Loja 14 - Leblon | B39: MOBRICI | C39: AOP-3C73 | D39: 0.63888889 | E39: 0.76388889 | F39: 0.85763889 | H39: =MOD(F39-E39, 1) -> 0.09375
A40: Zona Sul Loja 43 - Barra (Península) | B40: RAPHAEL / LUIZ ALVES | C40: LCO-0978 | D40: 0.61805556 | E40: 0.65277778 | F40: 0.70833333 | H40: =MOD(F40-E40, 1) -> 0.055555556
A41: Zona Sul Loja 34 - Barra | B41: WILLIAM / EDMILSON JOSÉ | C41: LTQ-0783 | D41: 0.70833333 | E41: 0.77777778 | F41: 0.79513889 | H41: =MOD(F41-E41, 1) -> 0.017361111
A42: Zona Sul Loja 35 - Barra | B42: ALESSANDRA/ JONESON | C42: EBG-2D13 | D42: 0.5 | E42: 0.53472222 | F42: 0.57638889 | H42: =MOD(F42-E42, 1) -> 0.041666667
A43: Zona Sul Loja 45 - Flamengo | B43: CARLOS GONÇALVES (1º CARRO) | C43: LNU-9595 | D43: SEM | E43: RASTREADOR | H43: 0
A44: Zona Sul Loja 45 - Flamengo | B44: FÁBIO BORGES (2º CARRO) | C44: LAF-0697 | D44: 0.77430556 | E44: 0.81944444 | F44: 0.84375 | H44: =MOD(F44-E44, 1) -> 0.024305556
A45: Zona Sul Loja 47 - Catete | B45: FELIPE | C45: LNU7H38 | D45: 0.78472222 | E45: 0.82638889 | F45: 0.84375 | H45: =MOD(F45-E45, 1) -> 0.017361111
A46: Zona Sul Loja 19 - Copacabana | B46: JÚLIO COUTO / INACIO ARAUJO | C46: LQU-5546 | D46: 0.65277778 | E46: 0.69097222 | F46: 0.875 | H46: =MOD(F46-E46, 1) -> 0.18402778
A47: Zona Sul Loja 20 - Botafogo | B47: EDUARDO | C47: QHA2H50 | D47: SEM | E47: RASTREADOR | H47: 0
A48: Zona Sul Loja 05 - Copacabana III | B48: JOSUE DOS SANTOS | C48: BBH-1C94 | D48: 0.78819444 | E48: 0.84375 | F48: 0.86111111 | H48: =MOD(F48-E48, 1) -> 0.017361111
A49: Zona Sul Loja 22 - S.Conrado | B49: RENATO | C49: JAJ-6B36 | D49: 0.83680556 | E49: 0.87847222 | F49: 0.89930556 | H49: =MOD(F49-E49, 1) -> 0.020833333
A50: Zona Sul Loja 25 - Jd.Botânico | B50: WILIAN FERES | C50: EFU-5704 | D50: 0.79513889 | E50: 0.84027778 | F50: 0.85763889 | H50: =MOD(F50-E50, 1) -> 0.017361111
A51: Zona Sul Loja 06 - Gávea | B51: FÁBIO / VLADIMIR | C51: KQY-9E24 | D51: 0.80555556 | E51: 0.84027778 | F51: 0.86458333 | H51: =MOD(F51-E51, 1) -> 0.024305556
A52: Zona Sul Loja 31 - Jd.Botânico | B52: FRANCISCO IRAN | C52: RJL-7D33 | D52: 0.75347222 | E52: 0.80902778 | F52: 0.82638889 | H52: =MOD(F52-E52, 1) -> 0.017361111
A53: Zona Sul Loja 17 - Barra | B53: SÉRGIO JOSE DA SILVA | C53: LJS-2172 | D53: 0.77083333 | E53: 0.82291667 | F53: 0.85763889 | H53: =MOD(F53-E53, 1) -> 0.034722222
A54: Zona Sul Loja 23 - Barra | B54: RAPHAEL / LUIZ ANTONIO ALVES | C54: KMY-5561 | D54: NÃO | E54: FOI AO | F54: CLIENTE | H54: 0
A55: Zona Sul Loja 44 - Barra | B55: ALEX | C55: LKW-2B80 | D55: 0.79861111 | E55: 0.84375 | F55: 0.86111111 | H55: =MOD(F55-E55, 1) -> 0.017361111
A56: Zona Sul Mega Box 2 - Recreio | B56: LUIZ / NILTON RODRIGUES | C56: AKZ-2594 | D56: 0.82986111 | E56: 0.87152778 | F56: 0.88541667 | H56: =MOD(F56-E56, 1) -> 0.013888889
A57: Zona Sul Loja 10 - Recreio | B57: PAULO ROBERTO | C57: MDV-3746 | D57: SEM | E57: RASTREADOR | H57: 0
A58: Zona Sul Loja 40 - Ipanema | B58: RAFAEL | C58: KMY-5561 | D58: NÃO | E58: FOI AO | F58: CLIENTE | H58: 0
A59: Zona Sul Loja 40 - Ipanema | B59: MARCOS | C59: UBG-7F79 | D59: 0.77083333 | E59: 0.82986111 | F59: 0.83333333 | H59: =MOD(F59-E59, 1) -> 0.0034722222
A60: Zona Sul Loja 32 - Laranjeiras | B60: SIDNEI ANTONIO | C60: LQE-5401 | D60: 0.83333333 | E60: 0.85069444 | F60: 0.88888889 | H60: =MOD(F60-E60, 1) -> 0.038194444
A61: Zona Sul Loja 42 - Botafogo | B61: MARCIO | C61: LTH-4J15 | D61: 0.82291667 | E61: 0.84722222 | F61: 0.87152778 | H61: =MOD(F61-E61, 1) -> 0.024305556
A62: Zona Sul Loja 36 - Botafogo | B62: FELIPE SILVA | C62: KUL-1425 | D62: 0.83333333 | E62: 0.86111111 | F62: 0.88541667 | H62: =MOD(F62-E62, 1) -> 0.024305556
A63: Zona Sul Loja 03 - Copacabana I | B63: MILTON | C63: KOP-4978 | D63: NÃO | E63: FOI AO | F63: CLIENTE | H63: 0
A64: Zona Sul Loja 26 - Copacabana | B64: EDUARDO | C64: QAH-2H50 | D64: SEM | E64: RASTREADOR | H64: 0
A65: Zona Sul Loja 1129 - Olaria | B65: ANTONIO | C65: MES-7F27 | D65: 0.82986111 | E65: 0.85763889 | F65: 0.86458333 | H65: =MOD(F65-E65, 1) -> 0.0069444444
A66: Zona Sul Mega Box 1 - Olaria | B66: ANTONIO | C66: MES-7F27 | D66: 0.82986111 | E66: 0.84027778 | F66: 0.85416667 | H66: =MOD(F66-E66, 1) -> 0.013888889
A67: Zona Sul Loja 46 - Botafogo | B67: SIDNEI / AGNALDO | C67: LKR-5990 | D67: 0.84722222 | E67: 0.88194444 | F67: 0.89930556 | H67: =MOD(F67-E67, 1) -> 0.017361111
H68: =MOD(F68-E68, 1) -> 0

Sheet 05
A1: RELATÓRIO KPI - Zona Sul BENASSI
A2: REDES / FILIAIS | B2: MOTORISTA | C2: PLACA | D2: SAIDA CD | E2: CHD LOJA 1 | F2: SAIDA LOJA 1 | H2: TEMPO EM LOJA 1
A3: Zona Sul Loja 33 - Humaitá | B3: SANDRO EDUARDO / MARCIO | C3: KVH-9J42 | D3: 0.20138889 | E3: 0.22222222 | F3: 0.30902778 | H3: =MOD(F3-E3, 1) -> 0.086805556
A4: Zona Sul Loja 21 - Flamengo | B4: FÁBIO P. /RODRIGO | C4: KWK-4593 | D4: 0.20138889 | E4: 0.22569444 | F4: 0.29513889 | H4: =MOD(F4-E4, 1) -> 0.069444444
A5: Zona Sul Loja 30 - Laranjeiras | B5: SIDNEI ANTONIO MENDES | C5: LQE-5401 | D5: 0.18402778 | E5: 0.20486111 | F5: 0.27777778 | H5: =MOD(F5-E5, 1) -> 0.072916667
A6: Zona Sul Loja 27 - Ipanema | B6: MOBRICI | C6: AOP-3C73 | D6: 0.18402778 | E6: 0.21180556 | F6: 0.22569444 | H6: =MOD(F6-E6, 1) -> 0.013888889
A7: Zona Sul Loja 15 - Leblon | B7: MOBRICI | C7: AOP-3C73 | D7: 0.18402778 | E7: 0.22916667 | F7: 0.28125 | H7: =MOD(F7-E7, 1) -> 0.052083333
A8: Zona Sul Loja 04 - Copacabana II | B8: JOSUE DOS SANTOS | C8: BBH-1C94 | D8: 0.19097222 | E8: 0.21875 | F8: 0.30208333 | H8: =MOD(F8-E8, 1) -> 0.083333333
A9: Zona Sul Loja 18 - Copacabana | B9: JOSUE DOS SANTOS | C9: BBH-1C94 | D9: 0.19097222 | E9: 0.30555556 | F9: 0.31597222 | H9: =MOD(F9-E9, 1) -> 0.010416667
A10: Zona Sul Loja 07 - Leblon | B10: RAPHAEL /LUIZ ALVES | C10: LCO-0978 | D10: 0.25694444 | E10: 0.31944444 | F10: 0.48958333 | H10: =MOD(F10-E10, 1) -> 0.17013889
A11: Zona Sul Loja 48 - Recreio | B11: FRANCISCO IRAN | C11: RJL-7D33 | D11: 0.14583333 | E11: 0.18055556 | F11: 0.28819444 | H11: =MOD(F11-E11, 1) -> 0.10763889
A12: Zona Sul Loja 13 - Angra | B12: JULIO | C12: CZB-9J19 | D12: 0 | E12: 0.27083333 | F12: 0.30555556 | H12: =MOD(F12-E12, 1) -> 0.034722222
A13: Zona Sul Loja 28 - Urca | B13: FÁBIO / VLADIMIR | C13: KQY-9E24 | D13: 0.61805556 | E13: 0.65625 | F13: 0.66666667 | H13: =MOD(F13-E13, 1) -> 0.010416667
A14: Zona Sul Loja 29 - Flamengo | B14: FÁBIO / VLADIMIR | C14: KQY-9E24 | D14: 0.61805556 | E14: 0.67708333 | F14: 0.69791667 | H14: =MOD(F14-E14, 1) -> 0.020833333
... A28: Zona Sul Loja 47 - Catete | B28: FRANCISCO IRAN | C28: RJL-7D33 | D28: 0.73611111 | E28: 0.77430556 | F28: 0.80902778 | H28: =MOD(F28-E28, 1) -> 0.034722222
A29: Zona Sul Loja 45 - Flamengo | B29: CARLOS GONÇALVES | C29: LNU-9595 | D29: SEM | E29: RASTREADOR | H29: =MOD(F29-E29, 1) -> #VALUE!
A30: Zona Sul Loja 19 - Copacabana | B30: TIAGO DA COSTA | C30: TTX-9E34 | D30: SEM | E30: RASTREADOR | H30: =MOD(F30-E30, 1) -> #VALUE!
A31: Zona Sul Loja 26 - Copacabana | B31: SIDNEI / AGNALDO | C31: LKR-5990 | D31: 0.78819444 | E31: 0.84375 | F31: 0.85069444 | H31: =MOD(F31-E31, 1) -> 0.0069444444
A32: Zona Sul Loja 25 - Jd.Botânico | B32: LUCIANO / ANDERSON | C32: LVE-0688 | D32: 0.67708333 | E32: 0.88541667 | F32: 0.89930556 | H32: =MOD(F32-E32, 1) -> 0.013888889
A33: Zona Sul Loja 22 - S.Conrado | B33: LUCIANO / ANDERSON | C33: LVE-0688 | D33: 0.67708333 | E33: 0.90625 | F33: 0.91666667 | H33: =MOD(F33-E33, 1) -> 0.010416667
A34: Zona Sul Loja 31 - Jd.Botânico | B34: SIDNEI ANTONIO | C34: LQE-5401 | D34: 0.82638889 | E34: 0.875 | F34: 0.89583333 | H34: =MOD(F34-E34, 1) -> 0.020833333
A35: Zona Sul Loja 17 - Barra | B35: PAULO ROBERTO | C35: MDV-3746 | D35: SEM | E35: RASTREADOR | H35: =MOD(F35-E35, 1) -> #VALUE!
A36: Zona Sul Loja 23 - Barra | B36: SIDNEI / DIEGO | C36: KQB-3F31 | D36: SEM | E36: RASTREADOR | H36: =MOD(F36-E36, 1) -> #VALUE!
A37: Zona Sul Loja 44 - Barra | B37: SIDNEI / DIEGO | C37: KQB-3F31 | D37: SEM | E37: RASTREADOR | H37: =MOD(F37-E37, 1) -> #VALUE!
A38: Zona Sul Loja 10 - Recreio | B38: RAPHAEL / LUIZ ALVES (1º CARRO) | C38: LCO-0978 | D38: 0.74305556 | E38: 0.79166667 | F38: 0.81944444 | H38: =MOD(F38-E38, 1) -> 0.027777778
A39: Zona Sul Mega Box 2 - Recreio | B39: ANTONIO | C39: MES7F27 | D39: 0.80555556 | E39: 0.84722222 | F39: 0.85763889 | H39: =MOD(F39-E39, 1) -> 0.010416667
A40: Zona Sul Loja 10 - Recreio | B40: MILTON (2º carro fl. 10 e MEGA BOX 2) | C40: KOP-4978 | D40: 0.78125 | E40: 0.84027778 | F40: 0.85069444 | H40: =MOD(F40-E40, 1) -> 0.010416667
A41: Zona Sul Mega Box 2 - Recreio | B41: MILTON (2º carro fl. 10 e MEGA BOX 2) | C41: KOP-4978 | D41: 0.78125 | E41: 0.82291667 | F41: 0.83680556 | H41: =MOD(F41-E41, 1) -> 0.013888889
A42: Zona Sul Loja 40 - Ipanema | B42: DOUGLAS | C42: LTE-0A64 | D42: SEM | E42: RASTREADOR | H42: =MOD(F42-E42, 1) -> #VALUE!
A43: Zona Sul Loja 03 - Copacabana I | B43: FELIPE SILVA | C43: KUL-1425 | D43: NÃO | E43: FOI AO | F43: CLIENTE | H43: =MOD(F43-E43, 1) -> #VALUE!
A44: Zona Sul Loja 05 - Copacabana III | B44: FELIPE SILVA | C44: KUL-1425 | D44: NÃO | E44: FOI AO | F44: CLIENTE | H44: =MOD(F44-E44, 1) -> #VALUE!
A45: Zona Sul Loja 32 - Laranjeiras | B45: FÁBIO BORGES | C45: LAF-0697 | D45: NÃO | E45: FOI AO | F45: CLIENTE | H45: =MOD(F45-E45, 1) -> #VALUE!
A46: Zona Sul Loja 20 - Botafogo | B46: WILIAN FERES | C46: EFU-5704 | D46: 0.82638889 | E46: 0.85416667 | F46: 0.89236111 | H46: =MOD(F46-E46, 1) -> 0.038194444
A47: Zona Sul Loja 42 - Botafogo | B47: LUIZ | C47: AKZ-2594 | D47: 0.82291667 | E47: 0.86111111 | F47: 0.89236111 | H47: =MOD(F47-E47, 1) -> 0.03125
A48: Zona Sul Loja 06 - Gávea | B48: JOSUE DOS SANTOS | C48: BBH-1C94 | D48: 0.8125 | E48: 0.86111111 | F48: 0.91319444 | H48: =MOD(F48-E48, 1) -> 0.052083333
A49: Zona Sul Mega Box 1 - Olaria | B49: JULIO | C49: KNC5J75 | D49: 0.79166667 | E49: 0.80208333 | F49: 0.84027778 | H49: =MOD(F49-E49, 1) -> 0.038194444
A50: Zona Sul Loja 1129 - Olaria | B50: SERGIO | C50: LJS2172 | D50: 0.8125 | E50: 0.84722222 | F50: 0.85763889 | H50: =MOD(F50-E50, 1) -> 0.010416667
A51: Zona Sul Loja 46 - Botafogo | B51: RENATO | C51: JAJ-6B36 | D51: 0.8125 | E51: 0.86111111 | F51: 0.87847222 | H51: =MOD(F51-E51, 1) -> 0.017361111
H52: =MOD(F52-E52, 1) -> 0
H53: =MOD(F53-E53, 1) -> 0
H54: =MOD(F54-E54, 1) -> 0
H55: =MOD(F55-E55, 1) -> 0
H56: =MOD(F56-E56, 1) -> 0
H57: =MOD(F57-E57, 1) -> 0
H58: =MOD(F58-E58, 1) -> 0
H59: =MOD(F59-E59, 1) -> 0
H60: =MOD(F60-E60, 1) -> 0
H61: =MOD(F61-E61, 1) -> 0
H62: =MOD(F62-E62, 1) -> 0
H63: =MOD(F63-E63, 1) -> 0
... H69: =MOD(F69-E69, 1) -> 0

Sheet 06
A1: RELATÓRIO KPI - Zona Sul BENASSI
A2: REDES / FILIAIS | B2: MOTORISTA | C2: PLACA | D2: SAIDA CD | E2: CHD LOJA 1 | F2: SAIDA LOJA 1 | H2: TEMPO EM LOJA 1
A3: Zona Sul Loja 36 - Botafogo | B3: JOSUE DOS SANTOS | C3: BBH-1C94 | D3: 0.19444444 | E3: 0.21875 | F3: 0.30555556 | H3: =MOD(F3-E3, 1) -> 0.086805556
A4: Zona Sul Loja 33 - Humaitá | B4: JÚLIO COUTO/INACIO ARAUJO | C4: LQU-5546 | D4: 0.15972222 | E4: 0.1875 | F4: 0.30902778 | H4: =MOD(F4-E4, 1) -> 0.12152778
A5: Zona Sul Loja 30 - Laranjeiras | B5: SIDNEI ANTONIO MENDES | C5: LQE-5401 | D5: 0.20138889 | E5: 0.22222222 | F5: 0.23611111 | H5: =MOD(F5-E5, 1) -> 0.013888889
A6: Zona Sul Loja 21 - Flamengo | B6: FÁBIO / LUIZ ALBERTO | C6: KQY-9E24 | D6: 0.20486111 | E6: 0.22569444 | F6: 0.32291667 | H6: =MOD(F6-E6, 1) -> 0.097222222
A7: Zona Sul Loja 04 - Copacabana II | B7: SANDRO EDUARDO/ MARCIO | C7: KVH-9J42 | D7: 0.20833333 | E7: 0.25 | F7: 0.32986111 | H7: =MOD(F7-E7, 1) -> 0.079861111
A8: Zona Sul Loja 18 - Copacabana | B8: ALEX | C8: LKW-2B80 | D8: 0.19444444 | E8: 0.22222222 | F8: 0.28472222 | H8: =MOD(F8-E8, 1) -> 0.0625
A9: Zona Sul Loja 27 - Ipanema | B9: MOBRICI | C9: AOP-3C73 | D9: 0.20486111 | E9: 0.25347222 | F9: 0.27083333 | H9: =MOD(F9-E9, 1) -> 0.017361111
A10: Zona Sul Loja 15 - Leblon | B10: MOBRICI | C10: AOP-3C73 | D10: 0.20486111 | E10: 0.27430556 | F10: 0.28819444 | H10: =MOD(F10-E10, 1) -> 0.013888889
A11: Zona Sul Loja 07 - Leblon | B11: RAPHAEL / LUIZ ALVES | C11: LCO-0978 | D11: 0.25347222 | E11: 0.31597222 | F11: 0.42361111 | H11: =MOD(F11-E11, 1) -> 0.10763889
A12: Zona Sul Loja 48 - Recreio | B12: FRANCISCO IRAN | C12: RJL-7D33 | D12: 0.14930556 | E12: 0.18055556 | F12: 0.29513889 | H12: =MOD(F12-E12, 1) -> 0.11458333
A13: Zona Sul Loja 13 - Angra | B13: JULIO | C13: CZB-9J19 | D13: 0.13194444 | E13: 0.26041667 | F13: 0.30208333 | H13: =MOD(F13-E13, 1) -> 0.041666667
A14: Zona Sul Loja 28 - Urca | B14: WILLIAM / EDMILSON JOSÉ | C14: LTQ-0783 | D14: 0.61111111 | E14: 0.65277778 | F14: 0.67361111 | H14: =MOD(F14-E14, 1) -> 0.020833333
... A27: Zona Sul Loja 35 - Barra | B27: FÁBIO / RODRIGO (2º CARRO FL. 34) | C27: KWK-4593 | D27: 0.67361111 | E27: 0.72569444 | F27: 0.74652778 | H27: =MOD(F27-E27, 1) -> 0.020833333
A28: Zona Sul Loja 34 - Barra | B28: FÁBIO / RODRIGO (2º CARRO FL. 34) | C28: KWK-4593 | D28: NÃO | E28: FOI AO | F28: CLIENTE | H28: 0
A29: Zona Sul Loja 43 - Barra (Península) | B29: RAPHAEL / LUIZ ALVES | C29: LCO-0978 | D29: 0.625 | E29: 0.65972222 | F29: 0.70138889 | H29: =MOD(F29-E29, 1) -> 0.041666667
A30: Zona Sul Loja 47 - Catete | B30: FÁBIO / VLADIMIR | C30: KQY-9E24 | D30: 0.63888889 | E30: 0.68055556 | F30: 0.73263889 | H30: =MOD(F30-E30, 1) -> 0.052083333
A31: Zona Sul Loja 45 - Flamengo | B31: DOUGLAS | C31: LTE-0A64 | D31: SEM | E31: RASTREADOR | H31: 0
A32: Zona Sul Loja 19 - Copacabana | B32: MOBRICI | C32: AOP-3C73 | D32: 0.66319444 | E32: 0.69791667 | F32: 0.74305556 | H32: =MOD(F32-E32, 1) -> 0.045138889
A33: Zona Sul Loja 26 - Copacabana | B33: MILTON | C33: KOP-4978 | D33: 0.72916667 | E33: 0.77777778 | F33: 0.8125 | H33: =MOD(F33-E33, 1) -> 0.034722222
A34: Zona Sul Loja 06 - Gávea | B34: RENATO | C34: JAJ-6B36 | D34: 0.75347222 | E34: 0.82291667 | F34: 0.84027778 | H34: =MOD(F34-E34, 1) -> 0.017361111
A35: Zona Sul Loja 22 - S.Conrado | B35: RENATO | C35: JAJ-6B36 | D35: 0.75347222 | E35: 0.84722222 | F35: 0.85763889 | H35: =MOD(F35-E35, 1) -> 0.010416667
A36: Zona Sul Loja 31 - Jd.Botânico | B36: LUIZ / NILTON RODRIGUES | C36: AKZ-2594 | D36: 0.72916667 | E36: 0.83333333 | F36: 0.85763889 | H36: =MOD(F36-E36, 1) -> 0.024305556
A37: Zona Sul Loja 25 - Jd.Botânico | B37: LUIZ / NILTON RODRIGUES | C37: AKZ-2594 | D37: 0.72916667 | E37: 0.79166667 | F37: 0.82638889 | H37: =MOD(F37-E37, 1) -> 0.034722222
A38: Zona Sul Loja 17 - Barra | B38: MARCIO | C38: LTH-4J15 | D38: 0.78472222 | E38: 0.81944444 | F38: 0.85763889 | H38: =MOD(F38-E38, 1) -> 0.038194444
A39: Zona Sul Loja 23 - Barra | B39: EDUARDO / JOSENILDO ANISIO | C39: KRK-3D12 | D39: 0.72916667 | E39: 0.77430556 | F39: 0.80555556 | H39: =MOD(F39-E39, 1) -> 0.03125
A40: Zona Sul Loja 44 - Barra | B40: EDUARDO / JOSENILDO ANISIO | C40: KRK-3D12 | D40: 0.72916667 | E40: 0.8125 | F40: 0.83333333 | H40: =MOD(F40-E40, 1) -> 0.020833333
A41: Zona Sul Loja 10 - Recreio | B41: SIDNEI / DIEGO | C41: KQB-3F31 | D41: 0.77083333 | E41: 0.81944444 | F41: 0.86111111 | H41: =MOD(F41-E41, 1) -> 0.041666667
A42: Zona Sul Mega Box 2 - Recreio | B42: PAULO | C42: LNU7H38 | D42: 0.72916667 | E42: 0.8125 | F42: 0.82291667 | H42: =MOD(F42-E42, 1) -> 0.010416667
A43: Zona Sul Loja 40 - Ipanema | B43: SÉRGIO JOSE DA SILVA | C43: LJS-2172 | D43: NÃO | E43: FOI AO | F43: CLIENTE | H43: 0
A44: Zona Sul Loja 03 - Copacabana I | B44: SIDNEI / AGNALDO | C44: LKR-5990 | D44: SEM | E44: RASTREADOR | H44: 0
A45: Zona Sul Loja 05 - Copacabana III | B45: SIDNEI / AGNALDO | C45: LKR-5990 | D45: SEM | E45: RASTREADOR | H45: 0
A46: Zona Sul Loja 32 - Laranjeiras | B46: LUCIANO / ANDERSON | C46: LVE-0688 | D46: 0.72569444 | E46: 0.80902778 | F46: 0.83680556 | H46: =MOD(F46-E46, 1) -> 0.027777778
A47: Zona Sul Loja 42 - Botafogo | B47: LUCIANO / ANDERSON | C47: LVE-0688 | D47: 0.72569444 | E47: 0.77777778 | F47: 0.79513889 | H47: =MOD(F47-E47, 1) -> 0.017361111
A48: Zona Sul Loja 20 - Botafogo | B48: FÁBIO BORGES | C48: LAF-0697 | D48: 0.74305556 | E48: 0.77083333 | F48: 0.79861111 | H48: =MOD(F48-E48, 1) -> 0.027777778
A49: Zona Sul Mega Box 1 - Olaria | B49: EDUARDO | C49: LQA-5883 | D49: SEM | E49: RASTREADOR | H49: 0
A50: Zona Sul Loja 1129 - Olaria | B50: EDUARDO | C50: LQA-5883 | D50: SEM | E50: RASTREADOR | H50: 0
A51: Zona Sul Loja 46 - Botafogo | B51: EVERTON | C51: CYB-3B90 | D51: 0.76736111 | E51: 0.82291667 | F51: 0.84375 | H51: =MOD(F51-E51, 1) -> 0.020833333
H52: =MOD(F52-E52, 1) -> 0
H53: =MOD(F53-E53, 1) -> 0
H54: =MOD(F54-E54, 1) -> 0
H55: =MOD(F55-E55, 1) -> 0
H56: =MOD(F56-E56, 1) -> 0
H57: =MOD(F57-E57, 1) -> 0
H58: =MOD(F58-E58, 1) -> 0
H59: =MOD(F59-E59, 1) -> 0
H60: =MOD(F60-E60, 1) -> 0
H61: =MOD(F61-E61, 1) -> 0
H62: =MOD(F62-E62, 1) -> 0
H63: =MOD(F63-E63, 1) -> 0
... H69: =MOD(F69-E69, 1) -> 0

Sheet 07
A1: RELATÓRIO KPI - Zona Sul BENASSI
A2: REDES / FILIAIS | B2: MOTORISTA | C2: PLACA | D2: SAIDA CD | E2: CHD LOJA 1 | F2: SAIDA LOJA 1 | H2: TEMPO EM LOJA 1
A3: Zona Sul Loja 36 - Botafogo | B3: JOSUE DOS SANTOS | C3: BBH-1C94 | D3: 0.18402778 | E3: 0.20833333 | F3: 0.29861111 | H3: =MOD(F3-E3, 1) -> 0.090277778
A4: Zona Sul Loja 33 - Humaitá | B4: JÚLIO COUTO/INACIO ARAUJO | C4: LQU-5546 | D4: 0.15277778 | E4: 0.18402778 | F4: 0.30555556 | H4: =MOD(F4-E4, 1) -> 0.12152778
A5: Zona Sul Loja 30 - Laranjeiras | B5: SIDNEI ANTONIO MENDES | C5: LQE-5401 | D5: 0.20138889 | E5: 0.22916667 | F5: 0.24305556 | H5: =MOD(F5-E5, 1) -> 0.013888889
A6: Zona Sul Loja 21 - Flamengo | B6: FÁBIO / LUIZ ALBERTO | C6: KQY-9E24 | D6: 0.21527778 | E6: 0.24652778 | F6: 0.30902778 | H6: =MOD(F6-E6, 1) -> 0.0625
A7: Zona Sul Loja 04 - Copacabana II | B7: SANDRO EDUARDO/ MARCIO | C7: KVH-9J42 | D7: 0.20486111 | E7: 0.24652778 | F7: 0.36111111 | H7: =MOD(F7-E7, 1) -> 0.11458333
A8: Zona Sul Loja 18 - Copacabana | B8: ALEX | C8: LKW-2B80 | D8: 0.1875 | E8: 0.21527778 | F8: 0.28125 | H8: =MOD(F8-E8, 1) -> 0.065972222
A9: Zona Sul Loja 27 - Ipanema | B9: FÁBIO / RODRIGO | C9: KWK-4593 | D9: 0.19791667 | E9: 0.22916667 | F9: 0.23958333 | H9: =MOD(F9-E9, 1) -> 0.010416667
A10: Zona Sul Loja 15 - Leblon | B10: FÁBIO / RODRIGO | C10: KWK-4593 | D10: 0.19791667 | E10: 0.24305556 | F10: 0.25694444 | H10: =MOD(F10-E10, 1) -> 0.013888889
A11: Zona Sul Loja 07 - Leblon | B11: RAPHAEL / LUIZ ALVES | C11: LCO-0978 | D11: 0.23958333 | E11: 0.29166667 | F11: 0.44097222 | H11: =MOD(F11-E11, 1) -> 0.14930556
A12: Zona Sul Loja 48 - Recreio | B12: FRANCISCO IRAN | C12: RJL-7D33 | D12: 0.14583333 | E12: 0.17708333 | F12: 0.29166667 | H12: =MOD(F12-E12, 1) -> 0.11458333
A13: Zona Sul Loja 13 - Angra | B13: JULIO | C13: CZB-9J19 | D13: 0.13541667 | E13: 0.26388889 | F13: 0.3125 | H13: =MOD(F13-E13, 1) -> 0.048611111
A14: Zona Sul Loja 28 - Urca | B14: WILLIAM / EDMILSON JOSÉ | C14: LTQ-0783 | D14: 0.60763889 | E14: 0.64583333 | F14: 0.66319444 | H14: =MOD(F14-E14, 1) -> 0.017361111
... A22: Zona Sul Loja 09 - Ipanema | B22: ALESSANDRA/ JONESON | C22: EBG-2D13 | D22: 0.66319444 | E22: 0.76041667 | F22: 0.78472222 | H22: =MOD(F22-E22, 1) -> 0.024305556
A23: Zona Sul Loja 12 - Leme | B23: MILTON | C23: KOP-4978 | D23: NÃO | E23: FOI AO | F23: CLIENTE | H23: 0
A24: Zona Sul Loja 38 - Copacabana | B24: FRANCISCO IRAN | C24: RJL-7D33 | D24: 0.65625 | E24: 0.69444444 | F24: 0.71180556 | H24: =MOD(F24-E24, 1) -> 0.017361111
A25: Zona Sul Loja 34 - Barra | B25: SÉRGIO JOSE DA SILVA (1º CARRO) | C25: LJS-2172 | D25: 0.69791667 | E25: 0.73958333 | F25: 0.76736111 | H25: =MOD(F25-E25, 1) -> 0.027777778
A26: Zona Sul Loja 35 - Barra | B26: FÁBIO / VLADIMIR (2º CARRO FL.34 ) | C26: KQY-9E24 | D26: 0.69097222 | E26: 0.74652778 | F26: 0.77083333 | H26: =MOD(F26-E26, 1) -> 0.024305556
A27: Zona Sul Loja 34 - Barra | B27: FÁBIO / VLADIMIR (2º CARRO FL.34 ) | C27: KQY-9E24 | D27: NÃO | E27: FOI AO | F27: CLIENTE | H27: 0
A28: Zona Sul Loja 43 - Barra (Península) | B28: FÁBIO / RODRIGO | C28: KWK-4593 | D28: 0.63888889 | E28: 0.68055556 | F28: 0.71180556 | H28: =MOD(F28-E28, 1) -> 0.03125
A29: Zona Sul Loja 47 - Catete | B29: CARLOS GONÇALVES | C29: LNU-9595 | D29: SEM | E29: RASTREADOR | H29: 0
A30: Zona Sul Loja 45 - Flamengo | B30: CARLOS GONÇALVES | C30: LNU-9595 | D30: SEM | E30: RASTREADOR | H30: 0
A31: Zona Sul Loja 19 - Copacabana | B31: DOUGLAS | C31: LTE-0A64 | D31: SEM | E31: RASTREADOR | H31: 0
A32: Zona Sul Loja 26 - Copacabana | B32: WILIAN FERES | C32: EFU-5704 | D32: 0.79861111 | E32: 0.83333333 | F32: 0.85416667 | H32: =MOD(F32-E32, 1) -> 0.020833333
A33: Zona Sul Loja 25 - Jd.Botânico | B33: RAPHAEL / LUIZ ALVES | C33: LCO-0978 | D33: 0.77430556 | E33: 0.84375 | F33: 0.85763889 | H33: =MOD(F33-E33, 1) -> 0.013888889
A34: Zona Sul Loja 06 - Gávea | B34: RAPHAEL / LUIZ ALVES | C34: LCO-0978 | D34: 0.77430556 | E34: 0.86111111 | F34: 0.87847222 | H34: =MOD(F34-E34, 1) -> 0.017361111
A35: Zona Sul Loja 31 - Jd.Botânico | B35: WANDERLEY | C35: AFY-7J99 | D35: 0.78472222 | E35: 0.84375 | F35: 0.86805556 | H35: =MOD(F35-E35, 1) -> 0.024305556
A36: Zona Sul Loja 22 - S.Conrado | B36: WANDERLEY | C36: AFY-7J99 | D36: 0.78472222 | E36: 0.87847222 | F36: 0.89583333 | H36: =MOD(F36-E36, 1) -> 0.017361111
A37: Zona Sul Loja 17 - Barra | B37: PAULO ROBERTO | C37: MDV-3746 | D37: SEM | E37: RASTREADOR | H37: 0
A38: Zona Sul Loja 44 - Barra | B38: PAULO ROBERTO | C38: MDV-3746 | D38: SEM | E38: RASTREADOR | H38: 0
A39: Zona Sul Loja 23 - Barra | B39: LUCIANO / ANDERSON | C39: LVE-0688 | D39: 0.78125 | E39: 0.82986111 | F39: 0.86111111 | H39: =MOD(F39-E39, 1) -> 0.03125
A40: Zona Sul Loja 10 - Recreio | B40: MOBRICI | C40: AOP-3C73 | D40: 0.77777778 | E40: 0.82986111 | F40: 0.86805556 | H40: =MOD(F40-E40, 1) -> 0.038194444
A41: Zona Sul Mega Box 2 - Recreio | B41: SIDNEI / DIEGO | C41: KQB-3F31 | D41: 0.78472222 | E41: 0.82291667 | F41: 0.85069444 | H41: =MOD(F41-E41, 1) -> 0.027777778
A42: Zona Sul Loja 40 - Ipanema | B42: EDUARDO / JOSENILDO ANISIO | C42: KRK-3D12 | D42: 0.64930556 | E42: 0.69791667 | F42: 0.73611111 | H42: =MOD(F42-E42, 1) -> 0.038194444
A43: Zona Sul Loja 03 - Copacabana I | B43: EVERTON | C43: CYB-3B90 | D43: 0.77083333 | E43: 0.84027778 | F43: 0.84722222 | H43: =MOD(F43-E43, 1) -> 0.0069444444
A44: Zona Sul Loja 05 - Copacabana III | B44: EVERTON | C44: CYB-3B90 | D44: 0.77083333 | E44: 0.85069444 | F44: 0.86111111 | H44: =MOD(F44-E44, 1) -> 0.010416667
A45: Zona Sul Loja 32 - Laranjeiras | B45: LUIZ / NILTON RODRIGUES | C45: AKZ-2594 | D45: 0.77083333 | E45: 0.85763889 | F45: 0.86458333 | H45: =MOD(F45-E45, 1) -> 0.0069444444
A46: Zona Sul Loja 20 - Botafogo | B46: LUIZ / NILTON RODRIGUES | C46: AKZ-2594 | D46: 0.77083333 | E46: 0.81597222 | F46: 0.83680556 | H46: =MOD(F46-E46, 1) -> 0.020833333
A47: Zona Sul Loja 42 - Botafogo | B47: RENATO | C47: JAJ-6B36 | D47: 0.79513889 | E47: 0.82638889 | F47: 0.85416667 | H47: =MOD(F47-E47, 1) -> 0.027777778
A48: Zona Sul Mega Box 1 - Olaria | B48: EDUARDO | C48: LQA-5883 | D48: NÃO | E48: FOI AO | F48: CLIENTE | H48: 0
A49: Zona Sul Loja 1129 - Olaria | B49: EDUARDO | C49: LQA-5883 | D49: NÃO | E49: FOI AO | F49: CLIENTE | H49: 0
A50: Zona Sul Loja 46 - Botafogo | B50: FELIPE SILVA | C50: KUL-1425 | D50: NÃO | E50: FOI AO | F50: CLIENTE | H50: 0
A51: Zona Sul Mega Box 1 - Olaria | B51: ALEX | C51: LKW-2B80 | D51: 0.64236111 | E51: 0.65277778 | F51: 0.66319444 | H51: =MOD(F51-E51, 1) -> 0.010416667
A52: Zona Sul Mega Box 2 - Recreio | B52: ALEX | C52: LKW-2B80 | D52: 0.64236111 | E52: 0.70833333 | F52: 0.72916667 | H52: =MOD(F52-E52, 1) -> 0.020833333
H53: =MOD(F53-E53, 1) -> 0
H54: =MOD(F54-E54, 1) -> 0
H55: =MOD(F55-E55, 1) -> 0
H56: =MOD(F56-E56, 1) -> 0
H57: =MOD(F57-E57, 1) -> 0
H58: =MOD(F58-E58, 1) -> 0
H59: =MOD(F59-E59, 1) -> 0
H60: =MOD(F60-E60, 1) -> 0
H61: =MOD(F61-E61, 1) -> 0
H62: =MOD(F62-E62, 1) -> 0
H63: =MOD(F63-E63, 1) -> 0
H64: =MOD(F64-E64, 1) -> 0
... H69: =MOD(F69-E69, 1) -> 0

Sheet 08
A1: RELATÓRIO KPI - Zona Sul BENASSI
A2: REDES / FILIAIS | B2: MOTORISTA | C2: PLACA | D2: SAIDA CD | E2: CHD LOJA 1 | F2: SAIDA LOJA 1 | H2: TEMPO EM LOJA 1
A3: Zona Sul Loja 36 - Botafogo | B3: JOSUE DOS SANTOS | C3: BBH-1C94 | D3: 0.19097222 | E3: 0.21527778 | F3: 0.29861111 | H3: =MOD(F3-E3, 1) -> 0.083333333
A4: Zona Sul Loja 33 - Humaitá | B4: JÚLIO COUTO/INACIO ARAUJO | C4: LQU-5546 | D4: 0.15972222 | E4: 0.19097222 | F4: 0.29166667 | H4: =MOD(F4-E4, 1) -> 0.10069444
A5: Zona Sul Loja 30 - Laranjeiras | B5: SIDNEI ANTONIO MENDES | C5: LQE-5401 | D5: 0.19444444 | E5: 0.21875 | F5: 0.23611111 | H5: =MOD(F5-E5, 1) -> 0.017361111
A6: Zona Sul Loja 21 - Flamengo | B6: FÁBIO / LUIZ ALBERTO | C6: KQY-9E24 | D6: 0.20138889 | E6: 0.22569444 | F6: 0.31597222 | H6: =MOD(F6-E6, 1) -> 0.090277778
A7: Zona Sul Loja 04 - Copacabana II | B7: SANDRO EDUARDO/ MARCIO | C7: KVH-9J42 | D7: 0.26041667 | E7: 0.36111111 | F7: 0.38888889 | H7: =MOD(F7-E7, 1) -> 0.027777778
A8: Zona Sul Loja 18 - Copacabana | B8: ALEX | C8: LKW-2B80 | D8: 0.1875 | E8: 0.21875 | F8: 0.28819444 | H8: =MOD(F8-E8, 1) -> 0.069444444
A9: Zona Sul Loja 27 - Ipanema | C9: LQE5401 | D9: 0.19444444 | E9: 0.21875 | F9: 0.23611111 | H9: =MOD(F9-E9, 1) -> 0.017361111
A10: Zona Sul Loja 15 - Leblon | B10: JOSUÉ | C10: BBH1C94 | D10: 0.19097222 | E10: 0.34375 | F10: 0.36458333 | H10: =MOD(F10-E10, 1) -> 0.020833333
A11: Zona Sul Loja 07 - Leblon | B11: RAPHAEL / LUIZ ALVES | C11: LCO-0978 | D11: 0.22916667 | E11: 0.27430556 | F11: 0.44791667 | H11: =MOD(F11-E11, 1) -> 0.17361111
A12: Zona Sul Loja 48 - Recreio | B12: FRANCISCO IRAN | C12: RJL-7D33 | D12: 0.14583333 | E12: 0.17708333 | F12: 0.29166667 | H12: =MOD(F12-E12, 1) -> 0.11458333
A13: Zona Sul Loja 13 - Angra | B13: JULIO | C13: CZB-9J19 | D13: 0.11805556 | E13: 0.26041667 | F13: 0.30208333 | H13: =MOD(F13-E13, 1) -> 0.041666667
A14: Zona Sul Loja 28 - Urca | B14: FRANCISCO IRAN | C14: RJL-7D33 | D14: 0.63541667 | E14: 0.6875 | F14: 0.69791667 | H14: =MOD(F14-E14, 1) -> 0.010416667
A15: Zona Sul Loja 29 - Flamengo | B15: FRANCISCO IRAN | C15: RJL-7D33 | D15: 0.63541667 | E15: 0.70833333 | F15: 0.72222222 | H15: =MOD(F15-E15, 1) -> 0.013888889
A16: Zona Sul Mega Box 1 - Olaria | B16: DOUGLAS | C16: CZB-9J19 | D16: 0.63541667 | E16: 0.65625 | F16: 0.67361111 | H16: =MOD(F16-E16, 1) -> 0.017361111
A17: Zona Sul Mega Box 2 - Recreio | B17: DOUGLAS | C17: CZB-9J19 | D17: 0.63541667 | E17: 0.73958333 | F17: 0.75694444 | H17: =MOD(F17-E17, 1) -> 0.017361111
A18: Zona Sul Loja 07 - Leblon | B18: ALESSIO | C18: KQR-2J11 | D18: NÃO | E18: FOI AO | F18: CLIENTE | H18: =MOD(F18-E18, 1) -> #VALUE!
A19: Zona Sul Loja 11 - Leblon | B19: MARCIO / ERIVELTON (1º CARRO) | C19: KRH-5H67 | D19: 0.48958333 | E19: 0.53472222 | F19: 0.62847222 | H19: =MOD(F19-E19, 1) -> 0.09375
A20: Zona Sul Loja 11 - Leblon | B20: WILLIAM (2º CARRO) | C20: INW-8A51 | D20: 0.64583333 | E20: 0.70138889 | F20: 0.72222222 | H20: =MOD(F20-E20, 1) -> 0.020833333
A21: Zona Sul Loja 08 - Ipanema | B21: RAPHAEL / LUIZ ALVES | C21: LCO-0978 | D21: NÃO | E21: FOI AO | F21: CLIENTE | H21: =MOD(F21-E21, 1) -> #VALUE!
A22: Zona Sul Loja 14 - Leblon | B22: EDUARDO / JOSENILDO ANISIO | C22: KRK-3D12 | D22: 0.60763889 | E22: 0.67013889 | F22: 0.70833333 | H22: =MOD(F22-E22, 1) -> 0.038194444
A23: Zona Sul Loja 38 - Copacabana | B23: LUIZ / NILTON RODRIGUES | C23: AKZ-2594 | D23: 0.61111111 | E23: 0.67013889 | F23: 0.69791667 | H23: =MOD(F23-E23, 1) -> 0.027777778
A24: Zona Sul Loja 12 - Leme | B24: LUIZ / NILTON RODRIGUES | C24: AKZ-2594 | D24: 0.61111111 | E24: 0.71527778 | F24: 0.74305556 | H24: =MOD(F24-E24, 1) -> 0.027777778
A25: Zona Sul Loja 09 - Ipanema | B25: FÁBIO / VLADIMIR | C25: KQY-9E24 | D25: 0.63194444 | E25: 0.69097222 | F25: 0.72569444 | H25: =MOD(F25-E25, 1) -> 0.034722222
A26: Zona Sul Loja 01 - Ipanema | B26: FÁBIO / VLADIMIR | C26: KQY-9E24 | D26: 0.63194444 | E26: 0.72916667 | F26: 0.75347222 | H26: =MOD(F26-E26, 1) -> 0.024305556
A27: Zona Sul Loja 34 - Barra | B27: CARLOS GONÇALVES (1º CARRO) | C27: LNU-9595 | D27: NÃO | E27: FOI AO | F27: CLIENTE | H27: =MOD(F27-E27, 1) -> #VALUE!
A28: Zona Sul Loja 35 - Barra | B28: FÁBIO / RODRIGO (2º CARRO) | C28: KWK-4593 | D28: 0.66666667 | E28: 0.72569444 | F28: 0.76736111 | H28: =MOD(F28-E28, 1) -> 0.041666667
A29: Zona Sul Loja 34 - Barra | B29: FÁBIO / RODRIGO (2º CARRO) | C29: KWK-4593 | D29: NÃO | E29: FOI AO | F29: CLIENTE | H29: =MOD(F29-E29, 1) -> #VALUE!
A30: Zona Sul Loja 43 - Barra (Península) | B30: JÚLIO COUTO / INACIO ARAUJO | C30: LQU-5546 | D30: 0.62152778 | E30: 0.66666667 | F30: 0.69444444 | H30: =MOD(F30-E30, 1) -> 0.027777778
A31: Zona Sul Loja 47 - Catete | B31: MILTON | C31: KOP-4978 | D31: 0.65277778 | E31: 0.70138889 | F31: 0.72222222 | H31: =MOD(F31-E31, 1) -> 0.020833333
A32: Zona Sul Loja 45 - Flamengo | B32: SÉRGIO JOSE DA SILVA | C32: LJS-2172 | D32: 0.64930556 | E32: 0.70138889 | F32: 0.72222222 | H32: =MOD(F32-E32, 1) -> 0.020833333
A33: Zona Sul Loja 19 - Copacabana | B33: TIAGO DA COSTA | C33: TTX-9E34 | D33: SEM | E33: RASTREADOR | H33: =MOD(F33-E33, 1) -> #VALUE!
A34: Zona Sul Loja 03 - Copacabana I | B34: ALEX | C34: LKW-2B80 | D34: 0.74652778 | E34: 0.80208333 | F34: 0.81597222 | H34: =MOD(F34-E34, 1) -> 0.013888889
A35: Zona Sul Loja 05 - Copacabana III | B35: ALEX | C35: LKW-2B80 | D35: 0.74652778 | E35: 0.81944444 | F35: 0.82986111 | H35: =MOD(F35-E35, 1) -> 0.010416667
A36: Zona Sul Loja 25 - Jd.Botânico | B36: SIDNEI / DIEGO | C36: KQB-3F31 | D36: 0.81944444 | E36: 0.89930556 | F36: 0.92013889 | H36: =MOD(F36-E36, 1) -> 0.020833333
A37: Zona Sul Loja 22 - S.Conrado | B37: SIDNEI / DIEGO | C37: KQB-3F31 | D37: 0.81944444 | E37: 0.92708333 | F37: 0.94097222 | H37: =MOD(F37-E37, 1) -> 0.013888889
A38: Zona Sul Loja 06 - Gávea | B38: EVERTON | C38: CYB-3B90 | D38: 0.77777778 | E38: 0.82638889 | F38: 0.84722222 | H38: =MOD(F38-E38, 1) -> 0.020833333
A39: Zona Sul Loja 31 - Jd.Botânico | B39: EVERTON | C39: CYB-3B90 | D39: 0.77777778 | E39: 0.85763889 | F39: 0.86458333 | H39: =MOD(F39-E39, 1) -> 0.0069444444
A40: Zona Sul Loja 23 - Barra | B40: MARCIO | C40: LTH-4J15 | D40: 0.76041667 | E40: 0.80555556 | F40: 0.84027778 | H40: =MOD(F40-E40, 1) -> 0.034722222
A41: Zona Sul Loja 17 - Barra | B41: ALESSANDRA/ JONESON | C41: EBG-2D13 | D41: NÃO | E41: FOI AO | F41: CLIENTE | H41: =MOD(F41-E41, 1) -> #VALUE!
A42: Zona Sul Loja 44 - Barra | B42: ALESSANDRA/ JONESON | C42: EBG-2D13 | D42: NÃO | E42: FOI AO | F42: CLIENTE | H42: =MOD(F42-E42, 1) -> #VALUE!
A43: Zona Sul Mega Box 2 - Recreio | B43: EDUARDO (1º CARRO) | C43: LQA-5883 | D43: NÃO | E43: FOI AO | F43: CLIENTE | H43: =MOD(F43-E43, 1) -> #VALUE!
A44: Zona Sul Loja 10 - Recreio | B44: WANDERLEY (2º CARRO MEGA BOX 2) | C44: AFY-7J99 | D44: 0.75 | E44: 0.79513889 | F44: 0.83333333 | H44: =MOD(F44-E44, 1) -> 0.038194444
A45: Zona Sul Mega Box 2 - Recreio | B45: WANDERLEY (2º CARRO MEGA BOX 2) | C45: AFY-7J99 | D45: NÃO | E45: FOI AO | F45: CLIENTE | H45: =MOD(F45-E45, 1) -> #VALUE!
A46: Zona Sul Loja 26 - Copacabana | B46: SIDNEY | C46: LQE5H01 | D46: 0.82291667 | E46: 0.86111111 | F46: 0.88194444 | H46: =MOD(F46-E46, 1) -> 0.020833333
A47: Zona Sul Loja 46 - Botafogo | B47: ALEX | C47: JAJ6B36 | D47: 0.77083333 | E47: 0.80902778 | F47: 0.82986111 | H47: =MOD(F47-E47, 1) -> 0.020833333
A48: Zona Sul Loja 40 - Ipanema | B48: JONESON | C48: EBG2313 | D48: 0.63194444 | E48: 0.69097222 | F48: 0.75 | H48: =MOD(F48-E48, 1) -> 0.059027778
A49: Zona Sul Loja 20 - Botafogo | B49: WILLIAM / EDMILSON JOSÉ | C49: LTQ-0783 | D49: 0.67708333 | E49: 0.72916667 | F49: 0.76388889 | H49: =MOD(F49-E49, 1) -> 0.034722222
A50: Zona Sul Loja 32 - Laranjeiras | B50: PAULO ROBERTO | C50: MDV-3746 | D50: SEM | E50: RASTREADOR | H50: =MOD(F50-E50, 1) -> #VALUE!
A51: Zona Sul Loja 42 - Botafogo | B51: PAULO ROBERTO | C51: MDV-3746 | D51: SEM | E51: RASTREADOR | H51: =MOD(F51-E51, 1) -> #VALUE!
A52: Zona Sul Mega Box 1 - Olaria | B52: RAFAEL | C52: LCO-0978 | D52: 0.80555556 | E52: 0.8125 | F52: 0.86111111 | H52: =MOD(F52-E52, 1) -> 0.048611111
A53: Zona Sul Loja 1129 - Olaria | B53: WILIAN FERES | C53: EFU-5704 | D53: 0.76041667 | E53: 0.77083333 | F53: 0.78819444 | H53: =MOD(F53-E53, 1) -> 0.017361111
H54: =MOD(F54-E54, 1) -> 0
H55: =MOD(F55-E55, 1) -> 0
H56: =MOD(F56-E56, 1) -> 0
H57: =MOD(F57-E57, 1) -> 0
H58: =MOD(F58-E58, 1) -> 0
H59: =MOD(F59-E59, 1) -> 0
H60: =MOD(F60-E60, 1) -> 0
H61: =MOD(F61-E61, 1) -> 0
H62: =MOD(F62-E62, 1) -> 0
H63: =MOD(F63-E63, 1) -> 0
H64: =MOD(F64-E64, 1) -> 0
H65: =MOD(F65-E65, 1) -> 0
... H69: =MOD(F69-E69, 1) -> 0

Sheet 09
A1: RELATÓRIO KPI - Zona Sul BENASSI
A2: REDES / FILIAIS | B2: MOTORISTA | C2: PLACA | D2: SAIDA CD | E2: CHD LOJA 1 | F2: SAIDA LOJA 1 | H2: TEMPO EM LOJA 1
A3: Zona Sul Loja 36 - Botafogo | B3: JOSUE DOS SANTOS | C3: BBH-1C94 | D3: 0.19097222 | E3: 0.21527778 | F3: 0.30208333 | H3: =MOD(F3-E3, 1) -> 0.086805556
A4: Zona Sul Loja 33 - Humaitá | B4: JÚLIO COUTO/INACIO ARAUJO | C4: LQU-5546 | D4: 0.16319444 | E4: 0.19097222 | F4: 0.29166667 | H4: =MOD(F4-E4, 1) -> 0.10069444
A5: Zona Sul Loja 30 - Laranjeiras | B5: SIDNEI ANTONIO MENDES | C5: LQE-5401 | D5: 0.19097222 | E5: 0.21527778 | F5: 0.22916667 | H5: =MOD(F5-E5, 1) -> 0.013888889
A6: Zona Sul Loja 21 - Flamengo | B6: FÁBIO P. / LUIZ ALBERTO | C6: KQY-9E24 | D6: 0.21875 | E6: 0.24305556 | F6: 0.29861111 | H6: =MOD(F6-E6, 1) -> 0.055555556
A7: Zona Sul Loja 04 - Copacabana II | B7: SANDRO EDUARDO/ MARCIO | C7: KVH-9J42 | D7: 0.20833333 | E7: 0.23611111 | F7: 0.35416667 | H7: =MOD(F7-E7, 1) -> 0.11805556
A8: Zona Sul Loja 18 - Copacabana | B8: WILLIAM / EDMILSON JOSÉ | C8: LTQ-0783 | D8: 0.25 | E8: 0.28125 | F8: 0.30555556 | H8: =MOD(F8-E8, 1) -> 0.024305556
A9: Zona Sul Loja 07 - Leblon | B9: RAPHAEL /LUIZ ALVES (1º CARRO) | C9: LCO-0978 | D9: 0.27430556 | E9: 0.34722222 | F9: 0.37847222 | H9: =MOD(F9-E9, 1) -> 0.03125
A10: Zona Sul Loja 07 - Leblon | B10: ALEX (2º CARRO) | C10: LKW-2B80 | D10: 0.19097222 | E10: 0.22222222 | F10: 0.34375 | H10: =MOD(F10-E10, 1) -> 0.12152778
A11: Zona Sul Loja 48 - Recreio | B11: FRANCISCO IRAN | C11: RJL-7D33 | D11: 0.14583333 | E11: 0.17708333 | F11: 0.29513889 | H11: =MOD(F11-E11, 1) -> 0.11805556
A12: Zona Sul Loja 13 - Angra | B12: JULIO | C12: CZB-9J19 | D12: 0.13541667 | E12: 0.26388889 | F12: 0.30208333 | H12: =MOD(F12-E12, 1) -> 0.038194444
A13: Zona Sul Loja 28 - Urca | B13: WILLIAM / EDMILSON JOSÉ | C13: LTQ-0783 | D13: 0.47916667 | E13: 0.53472222 | F13: 0.54166667 | H13: =MOD(F13-E13, 1) -> 0.0069444444
A14: Zona Sul Loja 29 - Flamengo | B14: ALEX | C14: LKW-2B80 | D14: 0.56944444 | E14: 0.61111111 | F14: 0.63194444 | H14: =MOD(F14-E14, 1) -> 0.020833333
... A20: Zona Sul Loja 14 - Leblon | B20: MILTON | C20: KOP-4978 | D20: 0.47569444 | E20: 0.51736111 | F20: 0.54166667 | H20: =MOD(F20-E20, 1) -> 0.024305556
A21: Zona Sul Loja 09 - Ipanema | B21: HLOG /MARCOS VINICIUS | C21: UGA-1D55 | D21: NÃO | E21: FOI AO | F21: CLIENTE | H21: =MOD(F21-E21, 1) -> #VALUE!
A22: Zona Sul Loja 38 - Copacabana | B22: LUIZ / NILTON RODRIGUES | C22: AKZ-2594 | D22: NÃO | E22: FOI AO | F22: CLIENTE | H22: =MOD(F22-E22, 1) -> #VALUE!
A23: Zona Sul Loja 12 - Leme | B23: HLOG /MARCIO LUIZ | C23: UBG-7F79 | D23: 0.62152778 | E23: 0.67013889 | F23: 0.71527778 | H23: =MOD(F23-E23, 1) -> 0.045138889
A24: Zona Sul Loja 34 - Barra | B24: DOUGLAS (1º CARRO) | C24: CZB-9J19 | D24: 0.62152778 | E24: 0.66666667 | F24: 0.6875 | H24: =MOD(F24-E24, 1) -> 0.020833333
A25: Zona Sul Loja 34 - Barra | B25: MOBRICI (2º CARRO) | C25: AOP-3C73 | D25: 0.79861111 | E25: 0.85069444 | F25: 0.86805556 | H25: =MOD(F25-E25, 1) -> 0.017361111
A26: Zona Sul Loja 43 - Barra (Península) | B26: SÉRGIO JOSE DA SILVA | C26: LJS-2172 | D26: 0.68055556 | E26: 0.72222222 | F26: 0.75694444 | H26: =MOD(F26-E26, 1) -> 0.034722222
A27: Zona Sul Loja 35 - Barra | B27: FÁBIO / VLADIMIR | C27: KQY-9E24 | D27: 0.61111111 | E27: 0.66319444 | F27: 0.72569444 | H27: =MOD(F27-E27, 1) -> 0.0625
A28: Zona Sul Loja 40 - Ipanema | B28: CARLOS GONÇALVES (1º CARRO) | C28: LNU-9595 | D28: SEM | E28: RASTREADOR | H28: =MOD(F28-E28, 1) -> #VALUE!
A29: Zona Sul Loja 40 - Ipanema | B29: HLOG / ALEXANDRE / MARCOS FERNANDO (1º CARRO) | C29: QSS-1E48 | D29: 0.69097222 | E29: 0.72916667 | F29: 0.77430556 | H29: =MOD(F29-E29, 1) -> 0.045138889
A30: Zona Sul Loja 45 - Flamengo | B30: EDUARDO (1º CARRO) | C30: QAH-2H50 | D30: SEM | E30: RASTREADOR | H30: =MOD(F30-E30, 1) -> #VALUE!
A31: Zona Sul Loja 45 - Flamengo | B31: HLOG /FABRICIO | C31: FKY-8H51 | D31: 0.71875 | E31: 0.75694444 | F31: 0.84722222 | H31: =MOD(F31-E31, 1) -> 0.090277778
A32: Zona Sul Loja 26 - Copacabana | B32: LUCIANO / ANDERSON | C32: LVE-0688 | D32: 0.73958333 | E32: 0.78125 | F32: 0.82986111 | H32: =MOD(F32-E32, 1) -> 0.048611111
A33: Zona Sul Loja 19 - Copacabana | B33: EDUARDO (1º CARRO) | C33: LQA-5883 | D33: SEM | E33: RASTREADOR | H33: =MOD(F33-E33, 1) -> #VALUE!
A34: Zona Sul Loja 19 - Copacabana | B34: SIDNEI / AGNALDO (2º CARRO) | C34: LKR-5990 | D34: SEM | E34: RASTREADOR | H34: =MOD(F34-E34, 1) -> #VALUE!
A35: Zona Sul Loja 05 - Copacabana III | B35: FELIPE SILVA | C35: KUL-1425 | D35: NÃO | E35: FOI AO | F35: CLIENTE | H35: =MOD(F35-E35, 1) -> #VALUE!
A36: Zona Sul Loja 03 - Copacabana I | B36: WILIAN FERES | C36: EFU-5704 | D36: 0.80902778 | E36: 0.84375 | F36: 0.86111111 | H36: =MOD(F36-E36, 1) -> 0.017361111
A37: Zona Sul Loja 20 - Botafogo | B37: ALESSANDRA/ JONESON | C37: EBG-2D13 | D37: 0.76388889 | E37: 0.79861111 | H37: =MOD(F37-E37, 1) -> 0.20138889
A38: Zona Sul Loja 25 - Jd.Botânico | B38: SIDNEI / DIEGO | C38: KQB-3F31 | D38: 0.83333333 | E38: 0.86805556 | F38: 0.91666667 | H38: =MOD(F38-E38, 1) -> 0.048611111
A39: Zona Sul Loja 22 - S.Conrado | B39: RAPHAEL / DANIEL | C39: LKV-5067 | D39: 0.77083333 | E39: 0.82291667 | F39: 0.85416667 | H39: =MOD(F39-E39, 1) -> 0.03125
A40: Zona Sul Loja 31 - Jd.Botânico | B40: EDUARDO / JOSENILDO ANISIO | C40: KRK-3D12 | D40: 0.73958333 | E40: 0.77777778 | F40: 0.79861111 | H40: =MOD(F40-E40, 1) -> 0.020833333
A41: Zona Sul Loja 17 - Barra | B41: EDUARDO / JOSENILDO ANISIO | C41: KXX-6922 | D41: SEM | E41: RASTREADOR | H41: =MOD(F41-E41, 1) -> #VALUE!
A42: Zona Sul Loja 23 - Barra | B42: TIAGO DA COSTA | C42: TTX-9E34 | D42: SEM | E42: RASTREADOR | H42: =MOD(F42-E42, 1) -> #VALUE!
A43: Zona Sul Loja 44 - Barra | B43: MILTON | C43: KOP-4978 | D43: 0.73263889 | E43: 0.78819444 | F43: 0.82291667 | H43: =MOD(F43-E43, 1) -> 0.034722222
A44: Zona Sul Loja 10 - Recreio | B44: PAULO ROBERTO (1º CARRO) | C44: MDV-3746 | D44: SEM | E44: RASTREADOR | H44: =MOD(F44-E44, 1) -> #VALUE!
A45: Zona Sul Mega Box 2 - Recreio | B45: RAPHAEL / LUIZ ANTONIO ALVES (2ºCARRO) | C45: KMY-5561 | D45: 0.75694444 | E45: 0.79861111 | F45: 0.83333333 | H45: =MOD(F45-E45, 1) -> 0.034722222
A46: Zona Sul Loja 10 - Recreio | B46: EVERTON (2º CARRO FL. 10 E MEGA BOX 2) | C46: CYB-3B90 | D46: 0.80902778 | E46: 0.85069444 | F46: 0.85763889 | H46: =MOD(F46-E46, 1) -> 0.0069444444
A47: Zona Sul Mega Box 2 - Recreio | B47: EVERTON (2º CARRO FL. 10 E MEGA BOX 2) | C47: CYB-3B90 | D47: 0.80902778 | E47: 0.86805556 | F47: 0.89583333 | H47: =MOD(F47-E47, 1) -> 0.027777778
A48: Zona Sul Loja 47 - Catete | B48: JÚLIO COUTO / INACIO ARAUJO | C48: LQU-5546 | D48: 0.73611111 | E48: 0.76736111 | F48: 0.79861111 | H48: =MOD(F48-E48, 1) -> 0.03125
A49: Zona Sul Loja 32 - Laranjeiras | B49: FELIPE / PAULO CESAR | C49: LNU-7733 | D49: 0.80555556 | E49: 0.83680556 | F49: 0.88541667 | H49: =MOD(F49-E49, 1) -> 0.048611111
A50: Zona Sul Loja 42 - Botafogo | B50: MARCIO | C50: LTH-4J15 | D50: 0.78472222 | E50: 0.81597222 | F50: 0.83333333 | H50: =MOD(F50-E50, 1) -> 0.017361111
A51: Zona Sul Loja 06 - Gávea | B51: FÁBIO BORGES | C51: LAF-0697 | D51: 0.79513889 | E51: 0.84027778 | F51: 0.88541667 | H51: =MOD(F51-E51, 1) -> 0.045138889
A52: Zona Sul Mega Box 1 - Olaria | B52: HLOG / SILVIO | C52: UBG-7F79 | D52: NÃO | E52: FOI AO | F52: CLIENTE | H52: =MOD(F52-E52, 1) -> #VALUE!
A53: Zona Sul Mega Box 1 - Olaria | B53: SIDNEI ANTONIO MENDES | C53: LQE-5401 | D53: 0.67013889 | E53: 0.68402778 | F53: 0.78472222 | H53: =MOD(F53-E53, 1) -> 0.10069444
A54: Zona Sul Loja 1129 - Olaria | B54: SANDRO EDUARDO / MARCIO | C54: KVH-9J42 | D54: NÃO | E54: 0.86458333 | F54: CLIENTE | H54: =MOD(F54-E54, 1) -> #VALUE!
A55: Zona Sul Loja 46 - Botafogo | B55: ANTONIO | C55: MES-7F27 | D55: 0.80555556 | E55: 0.83680556 | F55: 0.86111111 | H55: =MOD(F55-E55, 1) -> 0.024305556
A56: Zona Sul Mega Box 1 - Olaria | B56: FRANCISCO IRAN | C56: RJL-7D33 | D56: 0.61111111 | E56: 0.625 | F56: 0.63541667 | H56: =MOD(F56-E56, 1) -> 0.010416667
H57: =MOD(F57-E57, 1) -> 0
H58: =MOD(F58-E58, 1) -> 0
H59: =MOD(F59-E59, 1) -> 0
H60: =MOD(F60-E60, 1) -> 0
H61: =MOD(F61-E61, 1) -> 0
H62: =MOD(F62-E62, 1) -> 0
H63: =MOD(F63-E63, 1) -> 0
H64: =MOD(F64-E64, 1) -> 0
H65: =MOD(F65-E65, 1) -> 0
H66: =MOD(F66-E66, 1) -> 0
H67: =MOD(F67-E67, 1) -> 0
H68: =MOD(F68-E68, 1) -> 0
H69: =MOD(F69-E69, 1) -> 0

Sheet 10
A1: RELATÓRIO KPI - Zona Sul BENASSI
A2: REDES / FILIAIS | B2: MOTORISTA | C2: PLACA | D2: SAIDA CD | E2: CHD LOJA 1 | F2: SAIDA LOJA 1 | H2: TEMPO EM LOJA 1
A3: Zona Sul Loja 18 - Copacabana | B3: ALEX | C3: LKW-2B80 | D3: 0.22569444 | E3: 0.26041667 | F3: 0.78958333 | H3: =MOD(F3-E3, 1) -> 0.52916667
A4: Zona Sul Loja 04 - Copacabana II | B4: JOSUE DOS SANTOS | C4: BBH-1C94 | D4: 0.24652778 | E4: 0.27777778 | F4: 0.35416667 | H4: =MOD(F4-E4, 1) -> 0.076388889
A5: Zona Sul Loja 30 - Laranjeiras | B5: SIDNEI ANTONIO MENDES | C5: LQE-5401 | D5: 0.16319444 | E5: 0.1875 | F5: 0.22916667 | H5: =MOD(F5-E5, 1) -> 0.041666667
A6: Zona Sul Loja 21 - Flamengo | B6: FÁBIO P. /RODRIGO | C6: KWK-4593 | D6: 0.22222222 | E6: 0.26388889 | F6: 0.34375 | H6: =MOD(F6-E6, 1) -> 0.079861111
A7: Zona Sul Loja 33 - Humaitá | B7: FÁBIO / VLADIMIR | C7: KQY-9E24 | D7: 0.20833333 | E7: 0.23611111 | F7: 0.34375 | H7: =MOD(F7-E7, 1) -> 0.10763889
A8: Zona Sul Loja 36 - Botafogo | B8: RAPHAEL /LUIZ ALVES | C8: LCO-0978 | D8: 0.26736111 | E8: 0.36111111 | F8: 0.41666667 | H8: =MOD(F8-E8, 1) -> 0.055555556
A9: Zona Sul Loja 48 - Recreio | B9: FRANCISCO IRAN | C9: RJL-7D33 | D9: 0.18402778 | E9: 0.21180556 | F9: 0.28819444 | H9: =MOD(F9-E9, 1) -> 0.076388889
A10: Zona Sul Loja 13 - Angra | B10: JULIO | C10: CZB-9J19 | D10: 0.0034722222 | E10: 0.27430556 | F10: 0.30902778 | H10: =MOD(F10-E10, 1) -> 0.034722222
H11: =MOD(F11-E11, 1) -> 0
H12: =MOD(F12-E12, 1) -> 0
H13: =MOD(F13-E13, 1) -> 0
H14: =MOD(F14-E14, 1) -> 0
H15: =MOD(F15-E15, 1) -> 0
H16: =MOD(F16-E16, 1) -> 0
H17: =MOD(F17-E17, 1) -> 0
H18: =MOD(F18-E18, 1) -> 0
H19: =MOD(F19-E19, 1) -> 0
H20: =MOD(F20-E20, 1) -> 0
H21: =MOD(F21-E21, 1) -> 0
H22: =MOD(F22-E22, 1) -> 0
... H69: =MOD(F69-E69, 1) -> 0

Sheet 11
A1: RELATÓRIO KPI - Zona Sul BENASSI
A2: REDES / FILIAIS | B2: MOTORISTA | C2: PLACA | D2: SAIDA CD | E2: CHD LOJA 1 | F2: SAIDA LOJA 1 | H2: TEMPO EM LOJA 1
A3: Zona Sul Loja 27 - Ipanema | B3: FÁBIO / LUIZ ALBERTO | C3: KQY-9E24 | D3: 0.20833333 | E3: 0.23958333 | F3: 0.25694444 | H3: =MOD(F3-E3, 1) -> 0.017361111
A4: Zona Sul Loja 21 - Flamengo | B4: MOBRICI | C4: AOP-3C73 | D4: NÃO | E4: FOI AO | F4: CLIENTE | H4: =MOD(F4-E4, 1) -> #VALUE!
A5: Zona Sul Loja 30 - Laranjeiras | B5: SIDNEI ANTONIO MENDES | C5: LQE-5401 | D5: NÃO | E5: FOI AO | F5: CLIENTE | H5: =MOD(F5-E5, 1) -> #VALUE!
A6: Zona Sul Loja 27 - Ipanema | B6: JOSUE DOS SANTOS | C6: BBH-1C94 | D6: NÃO | E6: FOI AO | F6: CLIENTE | H6: =MOD(F6-E6, 1) -> #VALUE!
A7: Zona Sul Loja 15 - Leblon | B7: JOSUE DOS SANTOS | C7: BBH-1C94 | D7: 0.21180556 | E7: 0.26736111 | F7: 0.29513889 | H7: =MOD(F7-E7, 1) -> 0.027777778
A8: Zona Sul Loja 04 - Copacabana II | B8: SANDRO EDUARDO / MARCIO | C8: KVH-9J42 | D8: NÃO | E8: FOI AO | F8: CLIENTE | H8: =MOD(F8-E8, 1) -> #VALUE!
A9: Zona Sul Loja 07 - Leblon | B9: RAPHAEL /LUIZ ALVES | C9: LCO-0978 | D9: 0.21875 | E9: 0.26388889 | F9: 0.45138889 | H9: =MOD(F9-E9, 1) -> 0.1875
A10: Zona Sul Loja 48 - Recreio | B10: FRANCISCO IRAN | C10: RJL-7D33 | D10: NÃO | E10: FOI AO | F10: CLIENTE | H10: =MOD(F10-E10, 1) -> #VALUE!
A11: Zona Sul Loja 13 - Angra | B11: JULIO | C11: CZB-9J19 | D11: NÃO | E11: FOI AO | F11: CLIENTE | H11: =MOD(F11-E11, 1) -> #VALUE!
A12: Zona Sul Loja 15 - Leblon | B12: WILLIAM / EDMILSON JOSÉ | C12: LTQ-0783 | D12: 0.47916667 | E12: 0.54861111 | F12: 0.55902778 | H12: =MOD(F12-E12, 1) -> 0.010416667
A13: Zona Sul Loja 25 - Jd.Botânico | B13: WILLIAM / EDMILSON JOSÉ | C13: LTQ-0783 | D13: 0.47916667 | E13: 0.53125 | F13: 0.54513889 | H13: =MOD(F13-E13, 1) -> 0.013888889
A14: Zona Sul Loja 04 - Copacabana II | B14: ALEX | C14: LKW-2B80 | D14: 0.46180556 | E14: 0.50347222 | F14: 0.51736111 | H14: =MOD(F14-E14, 1) -> 0.013888889
A15: Zona Sul Loja 18 - Copacabana | B15: ALEX | C15: LKW-2B80 | D15: 0.46180556 | E15: 0.52083333 | F15: 0.54166667 | H15: =MOD(F15-E15, 1) -> 0.020833333
A16: Zona Sul Loja 10 - Recreio | B16: FÁBIO P. /RODRIGO | C16: KWK-4593 | D16: 0.45486111 | E16: 0.53472222 | F16: 0.55208333 | H16: =MOD(F16-E16, 1) -> 0.017361111
A17: Zona Sul Loja 17 - Barra | B17: FÁBIO P. /RODRIGO | C17: KWK-4593 | D17: 0.45486111 | E17: 0.49305556 | F17: 0.51736111 | H17: =MOD(F17-E17, 1) -> 0.024305556
A18: Zona Sul Loja 46 - Botafogo | B18: JÚLIO COUTO / INACIO ARAUJO | C18: LQU-5546 | D18: 0.46180556 | E18: 0.5 | F18: 0.51736111 | H18: =MOD(F18-E18, 1) -> 0.017361111
A19: Zona Sul Loja 36 - Botafogo | B19: JÚLIO COUTO / INACIO ARAUJO | C19: LQU-5546 | D19: 0.46180556 | E19: 0.53472222 | F19: 0.54861111 | H19: =MOD(F19-E19, 1) -> 0.013888889
A20: Zona Sul Loja 1129 - Olaria | B20: SÉRGIO JOSE DA SILVA | C20: LJS-2172 | D20: 0.50694444 | E20: 0.52083333 | F20: 0.53125 | H20: =MOD(F20-E20, 1) -> 0.010416667
A21: Zona Sul Mega Box 1 - Olaria | B21: SÉRGIO JOSE DA SILVA | C21: LJS-2172 | D21: 0.50694444 | E21: 0.53472222 | F21: 0.54513889 | H21: =MOD(F21-E21, 1) -> 0.010416667
A22: Zona Sul Loja 47 - Catete | B22: SIDNEI ANTONIO | C22: LQE-5401 | D22: 0.49652778 | E22: 0.53125 | F22: 0.5625 | H22: =MOD(F22-E22, 1) -> 0.03125
A23: Zona Sul Loja 31 - Jd.Botânico | B23: SIDNEI ANTONIO | C23: LQE-5401 | D23: 0.49652778 | E23: 0.58333333 | F23: 0.62152778 | H23: =MOD(F23-E23, 1) -> 0.038194444
... A25: Zona Sul Loja 19 - Copacabana | B25: LUIZ / NILTON RODRIGUES | C25: AKZ-2594 | D25: 0.46180556 | E25: 0.50694444 | F25: 0.55555556 | H25: =MOD(F25-E25, 1) -> 0.048611111
A26: Zona Sul Mega Box 2 - Recreio | B26: EDUARDO | C26: LQA-5883 | D26: NÃO | E26: FOI AO | F26: CLIENTE | H26: =MOD(F26-E26, 1) -> #VALUE!
A27: Zona Sul Loja 34 - Barra | B27: FRANCISCO IRAN | C27: RJL-7D33 | D27: 0.46180556 | E27: 0.5 | F27: 0.52430556 | H27: =MOD(F27-E27, 1) -> 0.024305556
A28: Zona Sul Loja 28 - Urca | B28: HLOG / BRUNO PEREIRA | C28: UBF-5G34 | D28: SEM | E28: RASTREADOR | H28: =MOD(F28-E28, 1) -> #VALUE!
A29: Zona Sul Loja 29 - Flamengo | B29: MILTON | C29: KOP-4978 | D29: NÃO | E29: FOI AO | F29: CLIENTE | H29: =MOD(F29-E29, 1) -> #VALUE!
A30: Zona Sul Loja 28 - Urca | B30: MILTON | C30: KOP-4978 | D30: NÃO | E30: FOI AO | F30: CLIENTE | H30: =MOD(F30-E30, 1) -> #VALUE!
A31: Zona Sul Loja 07 - Leblon | B31: ALESSIO | C31: KQR-2J11 | D31: NÃO | E31: FOI AO | F31: CLIENTE | H31: =MOD(F31-E31, 1) -> #VALUE!
A32: Zona Sul Loja 11 - Leblon | B32: MARCIO / ERIVELTON | C32: KRH-5H67 | D32: 0.52777778 | E32: 0.58680556 | F32: 0.63888889 | H32: =MOD(F32-E32, 1) -> 0.052083333
A33: Zona Sul Loja 11 - Leblon | B33: WILLIAM | C33: INW-8A51 | D33: 0.60763889 | E33: 0.64236111 | F33: 0.69791667 | H33: =MOD(F33-E33, 1) -> 0.055555556
A34: Zona Sul Loja 11 - Leblon | B34: HLOG / VICTOR | C34: UBF-5G36 | D34: 0.57291667 | E34: 0.61111111 | F34: 0.67708333 | H34: =MOD(F34-E34, 1) -> 0.065972222
A35: Zona Sul Loja 08 - Ipanema | B35: CARLOS GONÇALVES | C35: LNU-9595 | D35: SEM | E35: RASTREADOR | H35: =MOD(F35-E35, 1) -> #VALUE!
A36: Zona Sul Loja 01 - Ipanema | B36: RAPHAEL / LUIZ ALVES | C36: LCO-0978 | D36: 0.67013889 | E36: 0.71180556 | F36: 0.75694444 | H36: =MOD(F36-E36, 1) -> 0.045138889
A37: Zona Sul Loja 09 - Ipanema | B37: HLOG / SILVIO LEAL | C37: TML-7D21 | D37: 0.64236111 | E37: 0.69097222 | F37: 0.73958333 | H37: =MOD(F37-E37, 1) -> 0.048611111
A38: Zona Sul Loja 38 - Copacabana | B38: EDUARDO / JOSENILDO ANISIO | C38: KRK-3D12 | D38: 0.64236111 | E38: 0.68402778 | F38: 0.71875 | H38: =MOD(F38-E38, 1) -> 0.034722222
A39: Zona Sul Loja 12 - Leme | B39: FÁBIO / VLADIMIR | C39: KQY-9E24 | D39: 0.62152778 | E39: 0.66666667 | F39: 0.75 | H39: =MOD(F39-E39, 1) -> 0.083333333
A40: Zona Sul Loja 14 - Leblon | B40: JHONATA FREIRE DA SILVA | C40: KYM-2I62 | D40: SEM | E40: RASTREADOR | H40: =MOD(F40-E40, 1) -> #VALUE!
A41: Zona Sul Loja 34 - Barra | B41: WILIAN FERES | C41: EFU-5704 | D41: 0.62847222 | E41: 0.67361111 | F41: 0.69444444 | H41: =MOD(F41-E41, 1) -> 0.020833333
A42: Zona Sul Loja 43 - Barra (Península) | B42: TIAGO DA COSTA | C42: TTX-9E34 | D42: SEM | E42: RASTREADOR | H42: =MOD(F42-E42, 1) -> #VALUE!
A43: Zona Sul Loja 35 - Barra | B43: HLOG / JONATHAN MARCIO | C43: QSU-6I54 | D43: NÃO | E43: FOI AO | F43: CLIENTE | H43: =MOD(F43-E43, 1) -> #VALUE!
A44: Zona Sul Loja 40 - Ipanema | B44: LUCIANO / ANDERSON | C44: LVE-0688 | D44: 0.65972222 | E44: 0.72916667 | F44: 0.77777778 | H44: =MOD(F44-E44, 1) -> 0.048611111
A45: Zona Sul Loja 40 - Ipanema | B45: MARCIO | C45: LTH-4J15 | D45: 0.69791667 | E45: 0.76041667 | F45: 0.79513889 | H45: =MOD(F45-E45, 1) -> 0.034722222
A46: Zona Sul Loja 45 - Flamengo | B46: MOBRICI | C46: AOP-3C73 | D46: 0.57291667 | E46: 0.61458333 | F46: 0.68055556 | H46: =MOD(F46-E46, 1) -> 0.065972222
A47: Zona Sul Loja 45 - Flamengo | B47: FÁBIO BORGES | C47: LAF-0697 | D47: NÃO | E47: FOI AO | F47: CLIENTE | H47: =MOD(F47-E47, 1) -> #VALUE!
A48: Zona Sul Loja 05 - Copacabana III | B48: SANDRO EDUARDO / MARCIO | C48: KVH-9J42 | D48: 0.79166667 | E48: 0.82638889 | F48: 0.84722222 | H48: =MOD(F48-E48, 1) -> 0.020833333
A49: Zona Sul Loja 20 - Botafogo | B49: SÉRGIO JOSE DA SILVA | C49: LJS-2172 | D49: 0.77777778 | E49: 0.8125 | F49: 0.86805556 | H49: =MOD(F49-E49, 1) -> 0.055555556
A50: Zona Sul Loja 25 - Jd.Botânico | B50: SIDNEI / AGNALDO | C50: LKR-5990 | D50: 0.80208333 | E50: 0.86458333 | F50: 0.875 | H50: =MOD(F50-E50, 1) -> 0.010416667
A51: Zona Sul Loja 22 - S.Conrado | B51: RENATO | C51: JAJ-6B36 | D51: 0.85416667 | E51: 0.88888889 | F51: 0.90972222 | H51: =MOD(F51-E51, 1) -> 0.020833333
A52: Zona Sul Loja 31 - Jd.Botânico | B52: SIDNEI ANTONIO | C52: LQE-5401 | D52: 0.79861111 | E52: 0.85416667 | F52: 0.86805556 | H52: =MOD(F52-E52, 1) -> 0.013888889
A53: Zona Sul Loja 17 - Barra | B53: PAULO ROBERTO | C53: MDV-3746 | D53: SEM | E53: RASTREADOR | H53: =MOD(F53-E53, 1) -> #VALUE!
A54: Zona Sul Loja 23 - Barra | B54: EDUARDO | C54: QAH-2H50 | D54: SEM | E54: RASTREADOR | H54: =MOD(F54-E54, 1) -> #VALUE!
A55: Zona Sul Loja 44 - Barra | B55: FELIPE SILVA | C55: KUL-1425 | D55: 0.78819444 | E55: 0.83333333 | F55: 0.84375 | H55: =MOD(F55-E55, 1) -> 0.010416667
A56: Zona Sul Loja 23 - Barra | B56: FELIPE SILVA | C56: KUL-1425 | D56: 0.78819444 | E56: 0.84722222 | F56: 0.87152778 | H56: =MOD(F56-E56, 1) -> 0.024305556
A57: Zona Sul Mega Box 2 - Recreio | B57: WANDERLEY | C57: AFY-7J99 | D57: 0.77430556 | E57: 0.81597222 | F57: 0.82638889 | H57: =MOD(F57-E57, 1) -> 0.010416667
A58: Zona Sul Loja 10 - Recreio | B58: LUIZ / NILTON RODRIGUES | C58: AKZ-2594 | D58: 0.75694444 | E58: 0.79861111 | F58: 0.83680556 | H58: =MOD(F58-E58, 1) -> 0.038194444
A59: Zona Sul Loja 32 - Laranjeiras | B59: JÚLIO COUTO / INACIO ARAUJO | C59: LQU-5546 | D59: 0.76388889 | E59: 0.8125 | F59: 0.83680556 | H59: =MOD(F59-E59, 1) -> 0.024305556
A60: Zona Sul Loja 42 - Botafogo | B60: JOSUE DOS SANTOS | C60: BBH-1C94 | D60: 0.79861111 | E60: 0.83680556 | F60: 0.85069444 | H60: =MOD(F60-E60, 1) -> 0.013888889
A61: Zona Sul Loja 03 - Copacabana I | B61: EDUARDO | C61: LTE0A64 | D61: SEM | E61: RASTREADOR | H61: =MOD(F61-E61, 1) -> #VALUE!
A62: Zona Sul Loja 26 - Copacabana | B62: EDUARDO | C62: LTE0A64 | D62: SEM | E62: RASTREADOR | H62: =MOD(F62-E62, 1) -> #VALUE!
A63: Zona Sul Loja 19 - Copacabana | B63: SIDNEI / DIEGO | C63: KQB-3F31 | D63: 0.77777778 | E63: 0.82986111 | F63: 0.88194444 | H63: =MOD(F63-E63, 1) -> 0.052083333
A64: Zona Sul Loja 47 - Catete | B64: FRANCISCO IRAN | C64: RJL-7D33 | D64: 0.73958333 | E64: 0.78819444 | F64: 0.79861111 | H64: =MOD(F64-E64, 1) -> 0.010416667
A65: Zona Sul Mega Box 1 - Olaria | B65: FÁBIO / RODRIGO | C65: KWK-4593 | D65: 0.75694444 | E65: 0.76736111 | F65: 0.79513889 | H65: =MOD(F65-E65, 1) -> 0.027777778
A66: Zona Sul Loja 1129 - Olaria | B66: ALEX | C66: LKW-2B80 | D66: 0.73958333 | E66: 0.75347222 | F66: 0.76388889 | H66: =MOD(F66-E66, 1) -> 0.010416667
A67: Zona Sul Loja 06 - Gávea | B67: EVERTON | C67: CYB-3B90 | D67: 0.80208333 | E67: 0.84722222 | F67: 0.90277778 | H67: =MOD(F67-E67, 1) -> 0.055555556
A68: Zona Sul Loja 36 - Botafogo | B68: RAPHAEL / LUIZ ANTONIO ALVES | C68: KMY-5561 | D68: 0.79513889 | E68: 0.84722222 | F68: 0.86111111 | H68: =MOD(F68-E68, 1) -> 0.013888889
A69: Zona Sul Loja 46 - Botafogo | B69: RAPHAEL / LUIZ ANTONIO ALVES | C69: KMY-5561 | D69: 0.79513889 | E69: 0.86805556 | F69: 0.88541667 | H69: =MOD(F69-E69, 1) -> 0.017361111
H70: =MOD(F70-E70, 1) -> 0

Sheet 12
A1: RELATÓRIO KPI - Zona Sul BENASSI
A2: REDES / FILIAIS | B2: MOTORISTA | C2: PLACA | D2: SAIDA CD | E2: CHD LOJA 1 | F2: SAIDA LOJA 1 | H2: TEMPO EM LOJA 1
A3: Zona Sul Loja 33 - Humaitá | B3: FÁBIO / LUIZ ALBERTO | C3: KQY-9E24 | D3: 0.20833333 | E3: 0.22916667 | F3: 0.30555556 | H3: =MOD(F3-E3, 1) -> 0.076388889
A4: Zona Sul Loja 21 - Flamengo | B4: MOBRICI | C4: AOP-3C73 | D4: 0.20833333 | E4: 0.23611111 | F4: 0.30902778 | H4: =MOD(F4-E4, 1) -> 0.072916667
A5: Zona Sul Loja 30 - Laranjeiras | B5: SIDNEI ANTONIO MENDES | C5: LQE-5401 | D5: 0.20486111 | E5: 0.22569444 | F5: 0.24305556 | H5: =MOD(F5-E5, 1) -> 0.017361111
A6: Zona Sul Loja 15 - Leblon | B6: JOSUE DOS SANTOS | C6: BBH-1C94 | D6: 0.19097222 | E6: 0.21875 | F6: 0.27083333 | H6: =MOD(F6-E6, 1) -> 0.052083333
A7: Zona Sul Loja 04 - Copacabana II | B7: SANDRO EDUARDO / MARCIO | C7: KVH-9J42 | D7: 0.21180556 | E7: 0.25 | F7: 0.38541667 | H7: =MOD(F7-E7, 1) -> 0.13541667
A8: Zona Sul Loja 18 - Copacabana | B8: ALEX | C8: LKW-2B80 | D8: 0.19097222 | E8: 0.22222222 | F8: 0.24305556 | H8: =MOD(F8-E8, 1) -> 0.020833333
A9: Zona Sul Loja 07 - Leblon | B9: RAPHAEL /LUIZ ALVES | C9: LCO-0978 | D9: 0.25694444 | E9: 0.4375 | F9: 0.45138889 | H9: =MOD(F9-E9, 1) -> 0.013888889
A10: Zona Sul Loja 27 - Ipanema | B10: WILLIAM / EDMILSON JOSÉ | C10: LTQ-0783 | D10: 0.15972222 | E10: 0.19791667 | F10: 0.22222222 | H10: =MOD(F10-E10, 1) -> 0.024305556
A11: Zona Sul Loja 07 - Leblon | B11: WILLIAM / EDMILSON JOSÉ | C11: LTQ-0783 | D11: NÃO | E11: FOI AO | F11: CLIENTE | H11: 0
A12: Zona Sul Loja 48 - Recreio | B12: FRANCISCO IRAN | C12: RJL-7D33 | D12: 0.14930556 | E12: 0.17708333 | F12: 0.29861111 | H12: =MOD(F12-E12, 1) -> 0.12152778
A13: Zona Sul Loja 13 - Angra | B13: JULIO | C13: FKY-8H51 | D13: 0.11111111 | E13: 0.24305556 | F13: 0.28125 | H13: =MOD(F13-E13, 1) -> 0.038194444
A14: Zona Sul Loja 28 - Urca | B14: FÁBIO / RODRIGO | C14: KWK-4593 | D14: 0.62847222 | E14: 0.66666667 | F14: 0.6875 | H14: =MOD(F14-E14, 1) -> 0.020833333
A15: Zona Sul Loja 29 - Flamengo | B15: FÁBIO / RODRIGO | C15: KWK-4593 | D15: 0.62847222 | E15: 0.69791667 | F15: 0.70833333 | H15: =MOD(F15-E15, 1) -> 0.010416667
A16: Zona Sul Loja 07 - Leblon | B16: ALESSIO | C16: KQR-2J11 | D16: 0.53472222 | E16: 0.56597222 | F16: 0.61458333 | H16: =MOD(F16-E16, 1) -> 0.048611111
A17: Zona Sul Loja 11 - Leblon | B17: PAULO HENRIQUE (1º CARRO) | C17: DBB-8D19 | D17: 0.63888889 | E17: 0.64236111 | F17: 0.68402778 | H17: =MOD(F17-E17, 1) -> 0.041666667
A18: Zona Sul Loja 11 - Leblon | B18: MARCIO / ERIVELTON (2º CARRO) | C18: KRH-5H67 | D18: 0.52430556 | E18: 0.60069444 | F18: 0.64583333 | H18: =MOD(F18-E18, 1) -> 0.045138889
A19: Zona Sul Loja 08 - Ipanema | B19: LUIZ / NILTON RODRIGUES (1º CARRO) | C19: AKZ-2594 | D19: 0.60416667 | E19: 0.64930556 | F19: 0.68055556 | H19: =MOD(F19-E19, 1) -> 0.03125
A20: Zona Sul Loja 01 - Ipanema | B20: WANDERLEY (2º CARRO FL. 08) | C20: AFY-7J99 | D20: 0.64930556 | E20: 0.68402778 | F20: 0.71875 | H20: =MOD(F20-E20, 1) -> 0.034722222
A21: Zona Sul Loja 08 - Ipanema | B21: WANDERLEY (2º CARRO FL. 08) | C21: AFY-7J99 | D21: 0.64930556 | E21: 0.72916667 | F21: 0.73611111 | H21: =MOD(F21-E21, 1) -> 0.0069444444
A22: Zona Sul Loja 14 - Leblon | B22: EDUARDO / JOSENILDO ANISIO | C22: KRK-3D12 | D22: 0.60763889 | E22: 0.66666667 | F22: 0.72916667 | H22: =MOD(F22-E22, 1) -> 0.0625
A23: Zona Sul Mega Box 1 - Olaria | B23: MOBRICI (1º CARRO) | C23: AOP-3C73 | D23: 0.67708333 | E23: 0.70486111 | F23: 0.71875 | H23: =MOD(F23-E23, 1) -> 0.013888889
... A25: Zona Sul Mega Box 1 - Olaria | B25: JÚLIO COUTO / INACIO ARAUJO | C25: LQU-5546 | D25: 0.64583333 | E25: 0.65625 | F25: 0.66666667 | H25: =MOD(F25-E25, 1) -> 0.010416667
A26: Zona Sul Loja 38 - Copacabana | B26: FÁBIO / VLADIMIR | C26: KWS-8205 | H26: =MOD(F26-E26, 1) -> 0
A27: Zona Sul Loja 12 - Leme | B27: FRANCISCO IRAN | C27: RJL-7D33 | D27: 0.63541667 | E27: 0.67361111 | F27: 0.69791667 | H27: =MOD(F27-E27, 1) -> 0.024305556
A28: Zona Sul Loja 34 - Barra | B28: RAPHAEL / LUIZ ALVES (1º CARRO) | C28: LCO-0978 | D28: 0.62847222 | E28: 0.67013889 | F28: 0.69444444 | H28: =MOD(F28-E28, 1) -> 0.024305556
A29: Zona Sul Loja 35 - Barra | B29: ALEX (2º CARRO FL. 34) | C29: LKW-2B80 | D29: 0.625 | E29: 0.66319444 | F29: 0.69444444 | H29: =MOD(F29-E29, 1) -> 0.03125
A30: Zona Sul Loja 34 - Barra | B30: ALEX (2º CARRO FL. 34) | C30: LKW-2B80 | D30: NÃO | E30: FOI AO | F30: CLIENTE | H30: 0
A31: Zona Sul Loja 43 - Barra (Península) | B31: SIDNEI / DIEGO | C31: KQB-3F31 | D31: 0.64930556 | E31: 0.6875 | F31: 0.72569444 | H31: =MOD(F31-E31, 1) -> 0.038194444
A32: Zona Sul Loja 45 - Flamengo | B32: SÉRGIO JOSE DA SILVA | C32: LJS-2172 | D32: 0.61458333 | E32: 0.71180556 | F32: 0.77430556 | H32: =MOD(F32-E32, 1) -> 0.0625
A33: Zona Sul Loja 40 - Ipanema | B33: EDUARDO | C33: LQA-5883 | D33: SEM | E33: RASTREADOR | H33: 0
A34: Zona Sul Loja 25 - Jd.Botânico | B34: PAULO ROBERTO | C34: MDV-3746 | D34: SEM | E34: RASTREADOR | H34: 0
A35: Zona Sul Loja 22 - S.Conrado | B35: PAULO ROBERTO | C35: MDV-3746 | D35: SEM | E35: RASTREADOR | H35: 0
A36: Zona Sul Loja 31 - Jd.Botânico | B36: EVERTON | C36: CYB-3B90 | D36: 0.76388889 | E36: 0.82986111 | F36: 0.84027778 | H36: =MOD(F36-E36, 1) -> 0.010416667
A37: Zona Sul Loja 17 - Barra | B37: SIDNEI ANTONIO | C37: LQE-5401 | D37: 0.82638889 | E37: 0.86111111 | F37: 0.87847222 | H37: =MOD(F37-E37, 1) -> 0.017361111
A38: Zona Sul Loja 23 - Barra | B38: LUCIANO / ANDERSON | C38: LVE-0688 | D38: 0.76388889 | E38: 0.80902778 | F38: 0.82638889 | H38: =MOD(F38-E38, 1) -> 0.017361111
A39: Zona Sul Loja 44 - Barra | B39: MILTON | C39: KOP-4978 | D39: 0.72916667 | E39: 0.79166667 | F39: 0.80555556 | H39: =MOD(F39-E39, 1) -> 0.013888889
A40: Zona Sul Loja 10 - Recreio | B40: CARLOS GONÇALVES | C40: LNU-9595 | D40: SEM | E40: RASTREADOR | H40: 0
A41: Zona Sul Mega Box 2 - Recreio | B41: FELIPE / PAULO CESAR | C41: LNU-7733 | D41: NÃO | E41: FOI AO | F41: CLIENTE | H41: 0
A42: Zona Sul Loja 19 - Copacabana | B42: TIAGO DA COSTA (1º CARRO) | C42: TTX-9E34 | D42: SEM | E42: RASTREADOR | H42: 0
A43: Zona Sul Loja 03 - Copacabana I | B43: JOSUE DOS SANTOS (2º CARRO FL. 19) | C43: BBH-1C94 | D43: 0.81597222 | E43: 0.85416667 | F43: 0.86458333 | H43: =MOD(F43-E43, 1) -> 0.010416667
A44: Zona Sul Loja 19 - Copacabana | B44: JOSUE DOS SANTOS (2º CARRO FL. 19) | C44: BBH-1C94 | D44: 0.81597222 | E44: 0.87152778 | F44: 0.88194444 | H44: =MOD(F44-E44, 1) -> 0.010416667
A45: Zona Sul Loja 05 - Copacabana III | B45: ALESSANDRA/ JONESON | C45: EBG-2D13 | D45: 0.76388889 | E45: 0.80902778 | F45: 0.84027778 | H45: =MOD(F45-E45, 1) -> 0.03125
A46: Zona Sul Loja 26 - Copacabana | B46: ALESSANDRA/ JONESON | C46: EBG-2D13 | D46: 0.76388889 | E46: 0.84375 | F46: 0.85416667 | H46: =MOD(F46-E46, 1) -> 0.010416667
A47: Zona Sul Loja 32 - Laranjeiras | B47: WILIAN FERES | C47: EFU-5704 | D47: 0.79166667 | E47: 0.82986111 | F47: 0.85069444 | H47: =MOD(F47-E47, 1) -> 0.020833333
A48: Zona Sul Loja 20 - Botafogo | B48: EDUARDO | C48: QAH-2H50 | D48: SEM | E48: RASTREADOR | H48: 0
A49: Zona Sul Loja 42 - Botafogo | B49: EDUARDO | C49: QAH-2H50 | D49: SEM | E49: RASTREADOR | H49: 0
A50: Zona Sul Loja 47 - Catete | B50: MARCIO | C50: LTH-4J15 | D50: 0.78125 | E50: 0.81944444 | F50: 0.84027778 | H50: =MOD(F50-E50, 1) -> 0.020833333
A51: Zona Sul Loja 06 - Gávea | B51: WILLIAM / EDMILSON JOSÉ | C51: LTQ-0783 | D51: 0.73958333 | E51: 0.8125 | F51: 0.83680556 | H51: =MOD(F51-E51, 1) -> 0.024305556
A52: Zona Sul Loja 1129 - Olaria | B52: MOBRICI | C52: AOP-3C73 | D52: 0.78819444 | E52: 0.79861111 | F52: 0.81597222 | H52: =MOD(F52-E52, 1) -> 0.017361111
A53: Zona Sul Loja 46 - Botafogo | B53: RENATO | C53: JAJ-6B36 | D53: 0.79166667 | E53: 0.82986111 | F53: 0.85416667 | H53: =MOD(F53-E53, 1) -> 0.024305556
H54: =MOD(F54-E54, 1) -> 0
H55: =MOD(F55-E55, 1) -> 0
H56: =MOD(F56-E56, 1) -> 0
H57: =MOD(F57-E57, 1) -> 0
H58: =MOD(F58-E58, 1) -> 0
H59: =MOD(F59-E59, 1) -> 0
H60: =MOD(F60-E60, 1) -> 0
H61: =MOD(F61-E61, 1) -> 0
H62: =MOD(F62-E62, 1) -> 0
H63: =MOD(F63-E63, 1) -> 0
H64: =MOD(F64-E64, 1) -> 0
H65: =MOD(F65-E65, 1) -> 0
... H69: =MOD(F69-E69, 1) -> 0

Sheet 13
A1: RELATÓRIO KPI - Zona Sul BENASSI
A2: REDES / FILIAIS | B2: MOTORISTA | C2: PLACA | D2: SAIDA CD | E2: CHD LOJA 1 | F2: SAIDA LOJA 1 | H2: TEMPO EM LOJA 1
A3: Zona Sul Loja 36 - Botafogo | B3: JOSUE DOS SANTOS | C3: BBH-1C94 | D3: 0.18402778 | E3: 0.20486111 | F3: 0.30208333 | H3: =MOD(F3-E3, 1) -> 0.097222222
A4: Zona Sul Loja 33 - Humaitá | B4: JÚLIO COUTO/INACIO ARAUJO | C4: LQU-5546 | D4: 0.15972222 | E4: 0.18402778 | F4: 0.30555556 | H4: =MOD(F4-E4, 1) -> 0.12152778
A5: Zona Sul Loja 30 - Laranjeiras | B5: SIDNEI ANTONIO MENDES | C5: LQE-5401 | D5: 0.19097222 | E5: 0.21180556 | F5: 0.23611111 | H5: =MOD(F5-E5, 1) -> 0.024305556
A6: Zona Sul Loja 21 - Flamengo | B6: FÁBIO / LUIZ ALBERTO | C6: KQY-9E24 | D6: 0.20486111 | E6: 0.22916667 | F6: 0.34375 | H6: =MOD(F6-E6, 1) -> 0.11458333
A7: Zona Sul Loja 04 - Copacabana II | B7: SANDRO EDUARDO/ MARCIO | C7: KVH-9J42 | D7: 0.19791667 | E7: 0.23958333 | F7: 0.39236111 | H7: =MOD(F7-E7, 1) -> 0.15277778
A8: Zona Sul Loja 18 - Copacabana | B8: ALEX | C8: LKW-2B80 | D8: 0.1875 | E8: 0.21527778 | F8: 0.27083333 | H8: =MOD(F8-E8, 1) -> 0.055555556
A9: Zona Sul Loja 27 - Ipanema | B9: MOBRICI | C9: AOP-3C73 | D9: 0.1875 | E9: 0.21875 | F9: 0.23611111 | H9: =MOD(F9-E9, 1) -> 0.017361111
A10: Zona Sul Loja 15 - Leblon | B10: MOBRICI | C10: AOP-3C73 | D10: 0.1875 | E10: 0.24652778 | F10: 0.27430556 | H10: =MOD(F10-E10, 1) -> 0.027777778
A11: Zona Sul Loja 07 - Leblon | B11: RAPHAEL / LUIZ ALVES | C11: LCO-0978 | D11: 0.23958333 | E11: 0.29861111 | F11: 0.45486111 | H11: =MOD(F11-E11, 1) -> 0.15625
A12: Zona Sul Loja 48 - Recreio | B12: FRANCISCO IRAN | C12: RJL-7D33 | D12: 0.14930556 | E12: 0.18055556 | F12: 0.29166667 | H12: =MOD(F12-E12, 1) -> 0.11111111
A13: Zona Sul Loja 28 - Urca | B13: ALEX | C13: LKW-2B80 | D13: 0.55555556 | E13: 0.59722222 | F13: 0.61111111 | H13: =MOD(F13-E13, 1) -> 0.013888889
A14: Zona Sul Loja 29 - Flamengo | B14: ALEX | C14: LKW-2B80 | D14: 0.55555556 | E14: 0.61805556 | F14: 0.63194444 | H14: =MOD(F14-E14, 1) -> 0.013888889
... A16: Zona Sul Mega Box 2 - Recreio | B16: JÚLIO COUTO / INACIO ARAUJO | C16: LQU-5546 | D16: 0.56597222 | E16: 0.63194444 | F16: 0.63541667 | H16: =MOD(F16-E16, 1) -> 0.0034722222
A17: Zona Sul Loja 07 - Leblon | B17: ALESSIO | C17: KQR-2J11 | D17: NÃO | E17: FOI AO | F17: CLIENTE | H17: =MOD(F17-E17, 1) -> #VALUE!
A18: Zona Sul Loja 11 - Leblon | B18: MARCIO / ERIVELTON | C18: KRH-5H67 | D18: 0.47569444 | E18: 0.52777778 | F18: 0.61111111 | H18: =MOD(F18-E18, 1) -> 0.083333333
A19: Zona Sul Loja 11 - Leblon | B19: WILLIAM | C19: INW-8A51 | D19: 0.51736111 | E19: 0.54861111 | F19: 0.60069444 | H19: =MOD(F19-E19, 1) -> 0.052083333
A20: Zona Sul Loja 11 - Leblon | B20: HLOG / FABIO | C20: UBF-5G32 | D20: 0.55208333 | E20: 0.59722222 | F20: 0.73263889 | H20: =MOD(F20-E20, 1) -> 0.13541667
A21: Zona Sul Loja 08 - Ipanema | B21: JHONATA FREIRE DA SILVA | C21: KYM-2I62 | D21: SEM | E21: RASTREADOR | H21: =MOD(F21-E21, 1) -> #VALUE!
A22: Zona Sul Loja 12 - Leme | B22: RAPHAEL / LUIZ ALVES | C22: LCO-0978 | D22: 0.65277778 | E22: 0.68055556 | F22: 0.69097222 | H22: =MOD(F22-E22, 1) -> 0.010416667
A23: Zona Sul Loja 38 - Copacabana | B23: RAPHAEL / LUIZ ALVES | C23: LCO-0978 | D23: 0.65277778 | E23: 0.69444444 | F23: 0.70486111 | H23: =MOD(F23-E23, 1) -> 0.010416667
A24: Zona Sul Loja 09 - Ipanema | B24: MILTON | C24: KOP-4978 | D24: 0.60069444 | E24: 0.63888889 | F24: 0.66666667 | H24: =MOD(F24-E24, 1) -> 0.027777778
A25: Zona Sul Loja 03 - Copacabana I | B25: SIDNEY | C25: LQE5401 | D25: 0.61805556 | E25: 0.67361111 | F25: 0.69097222 | H25: =MOD(F25-E25, 1) -> 0.017361111
A26: Zona Sul Loja 01 - Ipanema | B26: FRANCISCO IRAN | C26: RJL-7D33 | D26: 0.60763889 | E26: 0.65625 | F26: 0.68402778 | H26: =MOD(F26-E26, 1) -> 0.027777778
A27: Zona Sul Loja 14 - Leblon | B27: WILLIAM / EDMILSON JOSÉ | C27: LTQ-0783 | D27: 0.54861111 | E27: 0.60416667 | F27: 0.63541667 | H27: =MOD(F27-E27, 1) -> 0.03125
A28: Zona Sul Loja 34 - Barra | B28: CARLOS GONÇALVES | C28: LNU-9595 | D28: SEM | E28: RASTREADOR | H28: =MOD(F28-E28, 1) -> #VALUE!
A29: Zona Sul Loja 35 - Barra | B29: EDUARDO | C29: LQA-5883 | D29: SEM | E29: RASTREADOR | H29: =MOD(F29-E29, 1) -> #VALUE!
A30: Zona Sul Loja 43 - Barra (Península) | B30: EDUARDO | C30: LQA-5883 | D30: SEM | E30: RASTREADOR | H30: =MOD(F30-E30, 1) -> #VALUE!
A31: Zona Sul Loja 45 - Flamengo | B31: MOBRICI | C31: AOP-3C73 | D31: 0.69444444 | E31: 0.73611111 | F31: 0.75694444 | H31: =MOD(F31-E31, 1) -> 0.020833333
A32: Zona Sul Loja 47 - Catete | B32: MOBRICI | C32: AOP-3C73 | D32: 0.69444444 | E32: 0.76041667 | F32: 0.77777778 | H32: =MOD(F32-E32, 1) -> 0.017361111
A33: Zona Sul Loja 19 - Copacabana | B33: JOSUE DOS SANTOS | C33: BBH-1C94 | D33: 0.80902778 | E33: 0.84375 | F33: 0.875 | H33: =MOD(F33-E33, 1) -> 0.03125
A34: Zona Sul Loja 05 - Copacabana III | B34: EDUARDO / JOSENILDO ANISIO | C34: KRK-3D12 | D34: 0.72916667 | E34: 0.83333333 | F34: 0.85416667 | H34: =MOD(F34-E34, 1) -> 0.020833333
A35: Zona Sul Loja 20 - Botafogo | B35: EDUARDO / JOSENILDO ANISIO | C35: KRK-3D12 | D35: 0.72916667 | E35: 0.77430556 | F35: 0.81944444 | H35: =MOD(F35-E35, 1) -> 0.045138889
A36: Zona Sul Loja 25 - Jd.Botânico | B36: DOUGLAS | C36: LTE-0A64 | D36: SEM | E36: RASTREADOR | H36: =MOD(F36-E36, 1) -> #VALUE!
A37: Zona Sul Loja 22 - S.Conrado | B37: DOUGLAS | C37: LTE-0A64 | D37: SEM | E37: RASTREADOR | H37: =MOD(F37-E37, 1) -> #VALUE!
A38: Zona Sul Loja 06 - Gávea | B38: ALESSANDRA/ JONESON | C38: EBG-2D13 | D38: 0.71527778 | E38: 0.8125 | F38: 0.82638889 | H38: =MOD(F38-E38, 1) -> 0.013888889
A39: Zona Sul Loja 31 - Jd.Botânico | B39: ALESSANDRA/ JONESON | C39: EBG-2D13 | D39: 0.71527778 | E39: 0.78472222 | F39: 0.80208333 | H39: =MOD(F39-E39, 1) -> 0.017361111
A40: Zona Sul Loja 17 - Barra | B40: SIDNEI / AGNALDO | C40: LKR-5990 | D40: 0.51041667 | E40: 0.56597222 | F40: 0.58333333 | H40: =MOD(F40-E40, 1) -> 0.017361111
A41: Zona Sul Loja 23 - Barra | B41: RENATO | C41: JAJ-6B36 | D41: 0.74305556 | E41: 0.79861111 | F41: 0.82291667 | H41: =MOD(F41-E41, 1) -> 0.024305556
A42: Zona Sul Loja 44 - Barra | B42: RENATO | C42: JAJ-6B36 | D42: 0.74305556 | E42: 0.82638889 | F42: 0.83680556 | H42: =MOD(F42-E42, 1) -> 0.010416667
A43: Zona Sul Loja 10 - Recreio | B43: LUIZ / NILTON RODRIGUES | C43: AKZ-2594 | D43: 17:30 | E43: 18:45 | F43: 0.8125 | H43: =MOD(F43-E43, 1) -> 0.03125
A44: Zona Sul Mega Box 2 - Recreio | B44: MARCIO | C44: LTH-4J15 | D44: 0.72916667 | E44: 0.78819444 | F44: 0.8125 | H44: =MOD(F44-E44, 1) -> 0.024305556
A45: Zona Sul Loja 40 - Ipanema | B45: FÁBIO / RODRIGO | C45: KWK-4593 | D45: 0.62847222 | E45: 0.67361111 | F45: 0.70486111 | H45: =MOD(F45-E45, 1) -> 0.03125
A46: Zona Sul Loja 32 - Laranjeiras | B46: LUCIANO / ANDERSON | C46: LVE-0688 | D46: 0.72916667 | E46: 0.82291667 | F46: 0.84027778 | H46: =MOD(F46-E46, 1) -> 0.017361111
A47: Zona Sul Loja 42 - Botafogo | B47: LUCIANO / ANDERSON | C47: LVE-0688 | D47: 0.72916667 | E47: 0.78472222 | F47: 0.80555556 | H47: =MOD(F47-E47, 1) -> 0.020833333
A48: Zona Sul Mega Box 1 - Olaria | B48: SÉRGIO JOSE DA SILVA | C48: LJS-2172 | D48: 0.73611111 | E48: 0.74652778 | F48: 0.77430556 | H48: =MOD(F48-E48, 1) -> 0.027777778
A49: Zona Sul Loja 26 - Copacabana | B49: SÉRGIO JOSE DA SILVA | C49: LJS-2172 | D49: 0.73611111 | E49: 0.8125 | F49: 0.82638889 | H49: =MOD(F49-E49, 1) -> 0.013888889
A50: Zona Sul Loja 1129 - Olaria | B50: PAULO ROBERTO | C50: MDV-3746 | D50: SEM | E50: RASTREADOR | H50: =MOD(F50-E50, 1) -> #VALUE!
A51: Zona Sul Loja 46 - Botafogo | B51: PAULO ROBERTO | C51: MDV-3746 | D51: SEM | E51: RASTREADOR | H51: =MOD(F51-E51, 1) -> #VALUE!
H52: =MOD(F52-E52, 1) -> 0
H53: =MOD(F53-E53, 1) -> 0
H54: =MOD(F54-E54, 1) -> 0
H55: =MOD(F55-E55, 1) -> 0
H56: =MOD(F56-E56, 1) -> 0
H57: =MOD(F57-E57, 1) -> 0
H58: =MOD(F58-E58, 1) -> 0
H59: =MOD(F59-E59, 1) -> 0
H60: =MOD(F60-E60, 1) -> 0
H61: =MOD(F61-E61, 1) -> 0
H62: =MOD(F62-E62, 1) -> 0
H63: =MOD(F63-E63, 1) -> 0
... H68: =MOD(F68-E68, 1) -> 0

Sheet 14
A1: RELATÓRIO KPI - Zona Sul BENASSI
A2: REDES / FILIAIS | B2: MOTORISTA | C2: PLACA | D2: SAIDA CD | E2: CHD LOJA 1 | F2: SAIDA LOJA 1 | H2: TEMPO EM LOJA 1
A3: Zona Sul Loja 36 - Botafogo | B3: RAPHAEL /LUIZ ALVES | C3: LCO-0978 | D3: 0.21527778 | E3: 0.24652778 | F3: 0.29861111 | H3: =MOD(F3-E3, 1) -> 0.052083333
A4: Zona Sul Loja 33 - Humaitá | B4: RAPHAEL /LUIZ ALVES | C4: LCO-0978 | D4: 0.21527778 | E4: 0.30902778 | F4: 0.33333333 | H4: =MOD(F4-E4, 1) -> 0.024305556
A5: Zona Sul Loja 30 - Laranjeiras | B5: SIDNEI ANTONIO MENDES | C5: LQE-5401 | D5: 0.17708333 | E5: 0.20486111 | F5: 0.22569444 | H5: =MOD(F5-E5, 1) -> 0.020833333
A6: Zona Sul Loja 21 - Flamengo | B6: JOSUE DOS SANTOS | C6: BBH-1C94 | D6: 0.19791667 | E6: 0.22222222 | F6: 0.30208333 | H6: =MOD(F6-E6, 1) -> 0.079861111
A7: Zona Sul Loja 04 - Copacabana II | B7: SANDRO EDUARDO/ MARCIO | C7: KVH-9J42 | D7: 0.19097222 | E7: 0.21875 | F7: 0.38888889 | H7: =MOD(F7-E7, 1) -> 0.17013889
A8: Zona Sul Loja 18 - Copacabana | B8: ALEX | C8: LKW-2B80 | D8: 0.19791667 | E8: 0.22916667 | F8: 0.27430556 | H8: =MOD(F8-E8, 1) -> 0.045138889
A9: Zona Sul Loja 27 - Ipanema | B9: FÁBIO / RODRIGO | C9: KWK-4593 | D9: 0.19791667 | E9: 0.23611111 | F9: 0.24652778 | H9: =MOD(F9-E9, 1) -> 0.010416667
A10: Zona Sul Loja 15 - Leblon | B10: FÁBIO / RODRIGO | C10: KWK-4593 | D10: 0.19791667 | E10: 0.25 | F10: 0.27083333 | H10: =MOD(F10-E10, 1) -> 0.020833333
A11: Zona Sul Loja 07 - Leblon | B11: WILLIAM / EDMILSON JOSÉ | C11: LTQ-0783 | D11: 0.16319444 | E11: 0.20486111 | F11: 0.4375 | H11: =MOD(F11-E11, 1) -> 0.23263889
A12: Zona Sul Loja 48 - Recreio | B12: FRANCISCO IRAN | C12: RJL-7D33 | D12: 0.14930556 | E12: 0.17708333 | F12: 0.29166667 | H12: =MOD(F12-E12, 1) -> 0.11458333
A13: Zona Sul Loja 13 - Angra | B13: JULIO | C13: CZB-9J19 | D13: SEM | E13: RASTREADOR | H13: 0
A14: Zona Sul Loja 28 - Urca | B14: ALEX | C14: LKW-2B80 | D14: 0.57291667 | E14: 0.61805556 | F14: 0.62847222 | H14: =MOD(F14-E14, 1) -> 0.010416667
A15: Zona Sul Loja 29 - Flamengo | B15: ALEX | C15: LKW-2B80 | D15: 0.57291667 | E15: 0.63541667 | F15: 0.64930556 | H15: =MOD(F15-E15, 1) -> 0.013888889
A16: Zona Sul Mega Box 1 - Olaria | B16: MARCIO / ERIVELTON | C16: KRH-5H67 | D16: 0.47916667 | E16: 0.49652778 | F16: 0.53472222 | H16: =MOD(F16-E16, 1) -> 0.038194444
A17: Zona Sul Mega Box 2 - Recreio | B17: MARCIO / ERIVELTON | C17: KRH-5H67 | D17: 0.47916667 | E17: 0.56944444 | F17: 0.58333333 | H17: =MOD(F17-E17, 1) -> 0.013888889
A18: Zona Sul Loja 07 - Leblon | B18: ALESSIO | C18: KQR-2J11 | D18: 0.5 | E18: 0.54861111 | F18: 0.59027778 | H18: =MOD(F18-E18, 1) -> 0.041666667
A19: Zona Sul Loja 11 - Leblon | B19: MILTON | C19: KOP-4978 | D19: 0.54513889 | E19: 0.60416667 | F19: 0.68402778 | H19: =MOD(F19-E19, 1) -> 0.079861111
A20: Zona Sul Loja 11 - Leblon | B20: WILLIAM | C20: INW-8A51 | D20: 0.51041667 | E20: 0.54861111 | F20: 0.60416667 | H20: =MOD(F20-E20, 1) -> 0.055555556
A21: Zona Sul Loja 08 - Ipanema | B21: MOBRICI | C21: AOP-3C73 | D21: 0.61805556 | E21: 0.66319444 | F21: 0.68402778 | H21: =MOD(F21-E21, 1) -> 0.020833333
A22: Zona Sul Loja 14 - Leblon | B22: WILLIAM / EDMILSON JOSÉ | C22: LTQ-0783 | D22: 0.55902778 | E22: 0.625 | F22: 0.66319444 | H22: =MOD(F22-E22, 1) -> 0.038194444
A23: Zona Sul Loja 12 - Leme | B23: FRANCISCO IRAN | C23: RJL-7D33 | D23: 0.61458333 | E23: 0.64930556 | F23: 0.68055556 | H23: =MOD(F23-E23, 1) -> 0.03125
A24: Zona Sul Loja 09 - Ipanema | B24: FÁBIO / RODRIGO | C24: KWK-4593 | D24: 0.60763889 | E24: 0.65277778 | F24: 0.67361111 | H24: =MOD(F24-E24, 1) -> 0.020833333
A25: Zona Sul Loja 01 - Ipanema | B25: FÁBIO / RODRIGO | C25: KWK-4593 | D25: 0.60763889 | E25: 0.67708333 | F25: 0.69791667 | H25: =MOD(F25-E25, 1) -> 0.020833333
A26: Zona Sul Loja 38 - Copacabana | B26: JÚLIO COUTO / INACIO ARAUJO | C26: LQU-5546 | D26: 0.60416667 | E26: 0.64583333 | F26: 0.67013889 | H26: =MOD(F26-E26, 1) -> 0.024305556
A27: Zona Sul Loja 34 - Barra | B27: CARLOS GONÇALVES | C27: LNU-9595 | D27: SEM | E27: RASTREADOR | H27: 0
A28: Zona Sul Loja 43 - Barra (Península) | B28: DOUGLAS | C28: LTE-0A64 | D28: SEM | E28: RASTREADOR | H28: 0
A29: Zona Sul Loja 35 - Barra | B29: DOUGLAS | C29: LTE-0A64 | D29: SEM | E29: RASTREADOR | H29: 0
A30: Zona Sul Loja 45 - Flamengo | B30: HLOG / FABRICIO | C30: QSS-1E48 | D30: 0.54513889 | E30: 0.59375 | F30: 0.63888889 | H30: =MOD(F30-E30, 1) -> 0.045138889
A31: Zona Sul Loja 47 - Catete | B31: HLOG / MARCOS FERNANDO | C31: TML-7D21 | D31: NÃO | E31: FOI AO | F31: CLIENTE | H31: 0
A32: Zona Sul Loja 40 - Ipanema | B32: JHONATA FREIRE DA SILVA | C32: KYM-2I62 | D32: SEM | E32: RASTREADOR | H32: 0
A33: Zona Sul Loja 05 - Copacabana III | B33: PAULO ROBERTO | C33: MDV-3746 | D33: SEM | E33: RASTREADOR | H33: 0
A34: Zona Sul Loja 20 - Botafogo | B34: PAULO ROBERTO | C34: MDV-3746 | D34: SEM | E34: RASTREADOR | H34: 0
A35: Zona Sul Loja 25 - Jd.Botânico | B35: SANDRO EDUARDO / MARCIO | C35: KVH-9J42 | D35: 0.73263889 | E35: 0.80208333 | F35: 0.84027778 | H35: =MOD(F35-E35, 1) -> 0.038194444
A36: Zona Sul Loja 22 - S.Conrado | B36: SIDNEI / AGNALDO | C36: LKR-5990 | D36: 0.77083333 | E36: 0.82986111 | F36: 0.85069444 | H36: =MOD(F36-E36, 1) -> 0.020833333
A37: Zona Sul Loja 06 - Gávea | B37: LUCIANO / ANDERSON | C37: LVE-0688 | D37: 0.76041667 | E37: 0.82638889 | F37: 0.84027778 | H37: =MOD(F37-E37, 1) -> 0.013888889
A38: Zona Sul Loja 31 - Jd.Botânico | B38: LUCIANO / ANDERSON | C38: LVE-0688 | D38: 0.76041667 | E38: 0.85069444 | F38: 0.86458333 | H38: =MOD(F38-E38, 1) -> 0.013888889
A39: Zona Sul Loja 17 - Barra | B39: MARCIO | C39: LTH-4J15 | D39: 0.74305556 | E39: 0.78125 | F39: 0.79861111 | H39: =MOD(F39-E39, 1) -> 0.017361111
A40: Zona Sul Loja 23 - Barra | B40: ALESSANDRA/ JONESON | C40: EBG-2D13 | D40: 0.72916667 | E40: 0.77777778 | F40: 0.80555556 | H40: =MOD(F40-E40, 1) -> 0.027777778
A41: Zona Sul Loja 44 - Barra | B41: ALESSANDRA/ JONESON | C41: EBG-2D13 | D41: 0.72916667 | E41: 0.80902778 | F41: 0.82291667 | H41: =MOD(F41-E41, 1) -> 0.013888889
A42: Zona Sul Loja 10 - Recreio | B42: EDUARDO / JOSENILDO ANISIO | C42: KRK-3D12 | D42: 0.72916667 | E42: 0.78472222 | F42: 0.80555556 | H42: =MOD(F42-E42, 1) -> 0.020833333
A43: Zona Sul Mega Box 2 - Recreio | B43: LUIZ / NILTON RODRIGUES | C43: AKZ-2594 | D43: 0.73611111 | E43: 0.78125 | F43: 0.79861111 | H43: =MOD(F43-E43, 1) -> 0.017361111
A44: Zona Sul Loja 19 - Copacabana | B44: SÉRGIO JOSE DA SILVA | C44: LJS-2172 | D44: 0.75694444 | E44: 0.80902778 | F44: 0.85069444 | H44: =MOD(F44-E44, 1) -> 0.041666667
A45: Zona Sul Loja 03 - Copacabana I | B45: RENATO | C45: JAJ-6B36 | D45: 0.75 | E45: 0.80208333 | F45: 0.81944444 | H45: =MOD(F45-E45, 1) -> 0.017361111
A46: Zona Sul Loja 26 - Copacabana | B46: RENATO | C46: JAJ-6B36 | D46: 0.75 | E46: 0.83333333 | F46: 0.84722222 | H46: =MOD(F46-E46, 1) -> 0.013888889
... A48: Zona Sul Loja 42 - Botafogo | B48: RAPHAEL / LUIZ ALVES | C48: LCO-0978 | D48: 0.73958333 | E48: 0.82291667 | F48: 0.84722222 | H48: =MOD(F48-E48, 1) -> 0.024305556
A49: Zona Sul Loja 1129 - Olaria | B49: EDUARDO | C49: QAH-2H50 | D49: SEM | E49: RASTREADOR | H49: 0
A50: Zona Sul Loja 46 - Botafogo | B50: EDUARDO | C50: QAH-2H50 | D50: SEM | E50: RASTREADOR | H50: 0
A51: Zona Sul Mega Box 1 - Olaria | B51: WANDERLEY | C51: AFY-7J99 | D51: 0.73263889 | E51: 0.74305556 | F51: 0.75347222 | H51: =MOD(F51-E51, 1) -> 0.010416667
H52: =MOD(F52-E52, 1) -> 0
H53: =MOD(F53-E53, 1) -> 0
H54: =MOD(F54-E54, 1) -> 0
H55: =MOD(F55-E55, 1) -> 0
H56: =MOD(F56-E56, 1) -> 0
H57: =MOD(F57-E57, 1) -> 0
H58: =MOD(F58-E58, 1) -> 0
H59: =MOD(F59-E59, 1) -> 0
H60: =MOD(F60-E60, 1) -> 0
H61: =MOD(F61-E61, 1) -> 0
H62: =MOD(F62-E62, 1) -> 0
H63: =MOD(F63-E63, 1) -> 0
... H69: =MOD(F69-E69, 1) -> 0

Sheet 15
A1: RELATÓRIO KPI - Zona Sul BENASSI
A2: REDES / FILIAIS | B2: MOTORISTA | C2: PLACA | D2: SAIDA CD | E2: CHD LOJA 1 | F2: SAIDA LOJA 1 | H2: TEMPO EM LOJA 1
A3: Zona Sul Loja 36 - Botafogo | B3: RAPHAEL /LUIZ ALVES | C3: LCO-0978 | D3: 0.20833333 | E3: 0.23611111 | F3: 0.30555556 | H3: =MOD(F3-E3, 1) -> 0.069444444
A4: Zona Sul Loja 33 - Humaitá | B4: RAPHAEL /LUIZ ALVES | C4: LCO-0978 | D4: 0.20833333 | E4: 0.3125 | F4: 0.34722222 | H4: =MOD(F4-E4, 1) -> 0.034722222
A5: Zona Sul Loja 30 - Laranjeiras | B5: SIDNEI ANTONIO MENDES | C5: LQE-5401 | D5: 0.17013889 | E5: 0.1875 | F5: 0.22222222 | H5: =MOD(F5-E5, 1) -> 0.034722222
A6: Zona Sul Loja 21 - Flamengo | B6: FÁBIO / RODRIGO | C6: KWK-4593 | D6: 0.19444444 | E6: 0.21527778 | F6: 0.30902778 | H6: =MOD(F6-E6, 1) -> 0.09375
A7: Zona Sul Loja 27 - Ipanema | B7: JOSUE DOS SANTOS | C7: BBH-1C94 | D7: 0.17708333 | E7: 0.20833333 | F7: 0.22222222 | H7: =MOD(F7-E7, 1) -> 0.013888889
A8: Zona Sul Loja 15 - Leblon | B8: JOSUE DOS SANTOS | C8: BBH-1C94 | D8: 0.19444444 | E8: 0.22916667 | F8: 0.27777778 | H8: =MOD(F8-E8, 1) -> 0.048611111
A9: Zona Sul Loja 04 - Copacabana II | B9: SANDRO EDUARDO/ MARCIO | C9: KVH-9J42 | D9: 0.19444444 | E9: 0.22916667 | F9: 0.375 | H9: =MOD(F9-E9, 1) -> 0.14583333
A10: Zona Sul Loja 18 - Copacabana | B10: ALEX | C10: LKW-2B80 | D10: 0.1875 | E10: 0.21527778 | F10: 0.29166667 | H10: =MOD(F10-E10, 1) -> 0.076388889
A11: Zona Sul Loja 07 - Leblon | B11: JÚLIO COUTO/INACIO ARAUJO | C11: LQU-5546 | D11: 0.15277778 | E11: 0.18402778 | F11: 0.45138889 | H11: =MOD(F11-E11, 1) -> 0.26736111
A12: Zona Sul Loja 48 - Recreio | B12: FRANCISCO IRAN | C12: RJL-7D33 | D12: 0.14583333 | E12: 0.17708333 | F12: 0.29166667 | H12: =MOD(F12-E12, 1) -> 0.11458333
A13: Zona Sul Loja 13 - Angra | B13: DOUGLAS | C13: CZB-9J19 | D13: SEM | E13: RASTREADOR | H13: =MOD(F13-E13, 1) -> #VALUE!
A14: Zona Sul Loja 28 - Urca | B14: MILTON | C14: KOP-4978 | D14: 0.59722222 | E14: 0.63888889 | F14: 0.64930556 | H14: =MOD(F14-E14, 1) -> 0.010416667
A15: Zona Sul Loja 29 - Flamengo | B15: MILTON | C15: KOP-4978 | D15: 0.59722222 | E15: 0.67013889 | F15: 0.68402778 | H15: =MOD(F15-E15, 1) -> 0.013888889
A16: Zona Sul Mega Box 1 - Olaria | B16: FÁBIO / RODRIGO | C16: KWK-4593 | D16: 0.60069444 | E16: 0.60763889 | F16: 0.625 | H16: =MOD(F16-E16, 1) -> 0.017361111
A17: Zona Sul Mega Box 2 - Recreio | B17: FÁBIO / RODRIGO | C17: KWK-4593 | D17: 0.60069444 | E17: 0.67013889 | F17: 0.68402778 | H17: =MOD(F17-E17, 1) -> 0.013888889
A18: Zona Sul Loja 07 - Leblon | B18: ALESSIO | C18: KQR-2J11 | D18: 0.58333333 | E18: 0.62152778 | F18: 0.63888889 | H18: =MOD(F18-E18, 1) -> 0.017361111
A19: Zona Sul Loja 11 - Leblon | B19: MARCIO / ERIVELTON | C19: KRH-5H67 | D19: 0.48958333 | E19: 0.56944444 | F19: 0.625 | H19: =MOD(F19-E19, 1) -> 0.055555556
A20: Zona Sul Loja 11 - Leblon | B20: WILLIAM | C20: INW-8A51 | D20: 0.60416667 | E20: 0.64236111 | F20: 0.65972222 | H20: =MOD(F20-E20, 1) -> 0.017361111
A21: Zona Sul Loja 08 - Ipanema | B21: WILLIAM / EDMILSON JOSÉ | C21: LTQ-0783 | D21: 0.62152778 | E21: 0.67708333 | F21: 0.71180556 | H21: =MOD(F21-E21, 1) -> 0.034722222
A22: Zona Sul Loja 14 - Leblon | B22: CARLOS GONÇALVES | C22: LNU-9595 | D22: SEM | E22: RASTREADOR | H22: =MOD(F22-E22, 1) -> #VALUE!
A23: Zona Sul Loja 12 - Leme | B23: RAPHAEL / LUIZ ALVES | C23: LCO-0978 | D23: 0.625 | E23: 0.65972222 | F23: 0.68402778 | H23: =MOD(F23-E23, 1) -> 0.024305556
A24: Zona Sul Loja 38 - Copacabana | B24: RAPHAEL / LUIZ ALVES | C24: LCO-0978 | D24: 0.625 | E24: 0.69097222 | F24: 0.72916667 | H24: =MOD(F24-E24, 1) -> 0.038194444
A25: Zona Sul Loja 09 - Ipanema | B25: FRANCISCO IRAN | C25: RJL-7D33 | D25: 0.63888889 | E25: 0.68055556 | F25: 0.69791667 | H25: =MOD(F25-E25, 1) -> 0.017361111
A26: Zona Sul Loja 01 - Ipanema | B26: FRANCISCO IRAN | C26: RJL-7D33 | D26: 0.63888889 | E26: 0.70486111 | F26: 0.71875 | H26: =MOD(F26-E26, 1) -> 0.013888889
A27: Zona Sul Loja 34 - Barra | B27: JHONATA FREIRE DA SILVA | C27: KYM-2I62 | D27: SEM | E27: RASTREADOR | H27: =MOD(F27-E27, 1) -> #VALUE!
A28: Zona Sul Loja 43 - Barra (Península) | B28: DOUGLAS / CARLOS DOS SANTOS | C28: LTB-1B31 | D28: SEM | E28: RASTREADOR | H28: =MOD(F28-E28, 1) -> #VALUE!
A29: Zona Sul Loja 34 - Barra | B29: DOUGLAS / CARLOS DOS SANTOS | C29: LTB-1B31 | D29: SEM | E29: RASTREADOR | H29: =MOD(F29-E29, 1) -> #VALUE!
A30: Zona Sul Loja 35 - Barra | B30: ALEX | C30: LKW-2B80 | D30: 0.59375 | E30: 0.63888889 | F30: 0.67708333 | H30: =MOD(F30-E30, 1) -> 0.038194444
A31: Zona Sul Loja 45 - Flamengo | B31: HLOG / JONATHAN MARCIO | C31: TML-3B11 | D31: 0.63888889 | E31: 0.68402778 | F31: 0.71180556 | H31: =MOD(F31-E31, 1) -> 0.027777778
A32: Zona Sul Loja 40 - Ipanema | B32: JÚLIO COUTO / INACIO ARAUJO | C32: LQU-5546 | D32: 0.61805556 | E32: 0.66319444 | F32: 0.69444444 | H32: =MOD(F32-E32, 1) -> 0.03125
A33: Zona Sul Loja 47 - Catete | B33: HLOG / MARCOS FERNANDO | C33: UBG-7F79 | D33: 0.73263889 | E33: 0.78819444 | F33: 0.8125 | H33: =MOD(F33-E33, 1) -> 0.024305556
A34: Zona Sul Loja 05 - Copacabana III | B34: MOBRICI | C34: AOP-3C73 | D34: 0.77430556 | E34: 0.82291667 | F34: 0.83333333 | H34: =MOD(F34-E34, 1) -> 0.010416667
A35: Zona Sul Loja 20 - Botafogo | B35: MOBRICI | C35: AOP-3C73 | D35: 0.77430556 | E35: 0.85069444 | F35: 0.86458333 | H35: =MOD(F35-E35, 1) -> 0.013888889
A36: Zona Sul Loja 25 - Jd.Botânico | B36: RENATO | C36: JAJ-6B36 | D36: 0.75347222 | E36: 0.8125 | F36: 0.83333333 | H36: =MOD(F36-E36, 1) -> 0.020833333
A37: Zona Sul Loja 22 - S.Conrado | B37: RENATO | C37: JAJ-6B36 | D37: 0.75347222 | E37: 0.84027778 | F37: 0.85763889 | H37: =MOD(F37-E37, 1) -> 0.017361111
A38: Zona Sul Loja 06 - Gávea | B38: MARCIO | C38: LTH-4J15 | D38: 0.77083333 | E38: 0.83333333 | F38: 0.85416667 | H38: =MOD(F38-E38, 1) -> 0.020833333
A39: Zona Sul Loja 31 - Jd.Botânico | B39: MARCIO | C39: LTH-4J15 | D39: 0.77083333 | E39: 0.86458333 | F39: 0.875 | H39: =MOD(F39-E39, 1) -> 0.010416667
A40: Zona Sul Loja 23 - Barra | B40: LUCIANO / ANDERSON | C40: LVE-0688 | D40: 0.73263889 | E40: 0.77777778 | F40: 0.80555556 | H40: =MOD(F40-E40, 1) -> 0.027777778
A41: Zona Sul Loja 44 - Barra | B41: LUCIANO / ANDERSON | C41: LVE-0688 | D41: 0.73263889 | E41: 0.8125 | F41: 0.82638889 | H41: =MOD(F41-E41, 1) -> 0.013888889
... A44: Zona Sul Mega Box 2 - Recreio | B44: EVERTON | C44: CYB-3B90 | D44: 0.74305556 | E44: 0.79166667 | F44: 0.80555556 | H44: =MOD(F44-E44, 1) -> 0.013888889
A45: Zona Sul Loja 03 - Copacabana I | B45: DOUGLAS | C45: LTE-0A64 | D45: SEM | E45: RASTREADOR | H45: =MOD(F45-E45, 1) -> #VALUE!
A46: Zona Sul Loja 19 - Copacabana | B46: DOUGLAS | C46: LTE-0A64 | D46: SEM | E46: RASTREADOR | H46: =MOD(F46-E46, 1) -> #VALUE!
A47: Zona Sul Loja 26 - Copacabana | B47: FÁBIO / VLADIMIR | C47: KQY-9E24 | D47: SEM | E47: RASTREADOR | H47: =MOD(F47-E47, 1) -> #VALUE!
A48: Zona Sul Loja 32 - Laranjeiras | B48: PAULO ROBERTO | C48: MDV-3746 | D48: SEM | E48: RASTREADOR | H48: =MOD(F48-E48, 1) -> #VALUE!
A49: Zona Sul Loja 42 - Botafogo | B49: PAULO ROBERTO | C49: MDV-3746 | D49: SEM | E49: RASTREADOR | H49: =MOD(F49-E49, 1) -> #VALUE!
A50: Zona Sul Loja 46 - Botafogo | B50: SIDNEI / AGNALDO | C50: LKR-5990 | D50: 0.55555556 | E50: 0.59722222 | F50: 0.61111111 | H50: =MOD(F50-E50, 1) -> 0.013888889
A51: Zona Sul Mega Box 1 - Olaria | B51: ALESSANDRA/ JONESON | C51: EBG-2D13 | D51: 0.75 | E51: 0.77430556 | F51: 0.83333333 | H51: =MOD(F51-E51, 1) -> 0.059027778
A52: Zona Sul Loja 1129 - Olaria | B52: ALESSANDRA/ JONESON | C52: EBG-2D13 | D52: 0.75 | E52: 0.76041667 | F52: 0.77083333 | H52: =MOD(F52-E52, 1) -> 0.010416667
H53: =MOD(F53-E53, 1) -> 0
H54: =MOD(F54-E54, 1) -> 0
H55: =MOD(F55-E55, 1) -> 0
H56: =MOD(F56-E56, 1) -> 0
H57: =MOD(F57-E57, 1) -> 0
H58: =MOD(F58-E58, 1) -> 0
H59: =MOD(F59-E59, 1) -> 0
H60: =MOD(F60-E60, 1) -> 0
H61: =MOD(F61-E61, 1) -> 0
H62: =MOD(F62-E62, 1) -> 0
H63: =MOD(F63-E63, 1) -> 0
H64: =MOD(F64-E64, 1) -> 0
... H69: =MOD(F69-E69, 1) -> 0

Sheet 16
A1: RELATÓRIO KPI - Zona Sul BENASSI
A2: REDES / FILIAIS | B2: MOTORISTA | C2: PLACA | D2: SAIDA CD | E2: CHD LOJA 1 | F2: SAIDA LOJA 1 | H2: TEMPO EM LOJA 1
A3: Zona Sul Loja 36 - Botafogo | B3: RAPHAEL /LUIZ ALVES | C3: LCO-0978 | D3: 0.21875 | E3: 0.24652778 | F3: 0.30902778 | H3: =MOD(F3-E3, 1) -> 0.0625
A4: Zona Sul Loja 33 - Humaitá | B4: RAPHAEL /LUIZ ALVES | C4: LCO-0978 | D4: 0.21875 | E4: 0.32638889 | F4: 0.34027778 | H4: =MOD(F4-E4, 1) -> 0.013888889
A5: Zona Sul Loja 30 - Laranjeiras | B5: SIDNEI ANTONIO MENDES | C5: LQE-5401 | D5: 0.18055556 | E5: 0.21527778 | F5: 0.23611111 | H5: =MOD(F5-E5, 1) -> 0.020833333
A6: Zona Sul Loja 21 - Flamengo | B6: ALEX | C6: LKW-2B80 | D6: 0.19097222 | E6: 0.21180556 | F6: 0.31597222 | H6: =MOD(F6-E6, 1) -> 0.10416667
A7: Zona Sul Loja 04 - Copacabana II | B7: SANDRO EDUARDO/ MARCIO | C7: KVH-9J42 | D7: 0.21180556 | E7: 0.24652778 | F7: 0.38194444 | H7: =MOD(F7-E7, 1) -> 0.13541667
A8: Zona Sul Loja 18 - Copacabana | B8: JOSUE DOS SANTOS | C8: BBH-1C94 | D8: 0.21527778 | E8: 0.24652778 | F8: 0.28819444 | H8: =MOD(F8-E8, 1) -> 0.041666667
A9: Zona Sul Loja 07 - Leblon | B9: FÁBIO / RODRIGO | C9: KWK-4593 | D9: 0.22569444 | E9: 0.25694444 | F9: 0.35763889 | H9: =MOD(F9-E9, 1) -> 0.10069444
A10: Zona Sul Loja 48 - Recreio | B10: FRANCISCO IRAN | C10: RJL-7D33 | D10: 0.14930556 | E10: 0.18055556 | F10: 0.29166667 | H10: =MOD(F10-E10, 1) -> 0.11111111
A11: Zona Sul Loja 13 - Angra | B11: JULIO | C11: CZB-9J19 | D11: SEM | E11: RASTREADOR | H11: =MOD(F11-E11, 1) -> #VALUE!
A12: Zona Sul Loja 28 - Urca | B12: ALEX | C12: LKW-2B80 | D12: 0.48958333 | E12: 0.53819444 | F12: 0.54513889 | H12: =MOD(F12-E12, 1) -> 0.0069444444
A13: Zona Sul Loja 29 - Flamengo | B13: HLOG /FABRICIO | C13: QSS-1E48 | D13: 0.625 | E13: 0.66666667 | F13: 0.69444444 | H13: =MOD(F13-E13, 1) -> 0.027777778
A14: Zona Sul Mega Box 1 - Olaria | B14: HLOG /DENIS | C14: UBO-5E05 | D14: 0.60763889 | E14: 0.61805556 | F14: 0.63194444 | H14: =MOD(F14-E14, 1) -> 0.013888889
A15: Zona Sul Mega Box 2 - Recreio | B15: HLOG /DENIS | C15: UBO-5E05 | D15: 0.60763889 | E15: 0.68055556 | F15: 0.70138889 | H15: =MOD(F15-E15, 1) -> 0.020833333
A16: Zona Sul Loja 11 - Leblon | B16: MARCIO / ERIVELTON (1º CARRO) | C16: KRH-5H67 | D16: 0.47569444 | E16: 0.51736111 | F16: 0.57986111 | H16: =MOD(F16-E16, 1) -> 0.0625
A17: Zona Sul Loja 11 - Leblon | B17: WILLIAM (2º CARRO) | C17: INW-8A51 | D17: 0.5 | E17: 0.54513889 | F17: 0.59722222 | H17: =MOD(F17-E17, 1) -> 0.052083333
A18: Zona Sul Loja 11 - Leblon | B18: HLOG / FABIO (3º CARRO) | C18: UBF-5G32 | D18: 0.51041667 | E18: 0.54513889 | F18: 0.61458333 | H18: =MOD(F18-E18, 1) -> 0.069444444
A19: Zona Sul Loja 08 - Ipanema | B19: FÁBIO / RODRIGO (1º CARRO) | C19: KWK-4593 | D19: 0.5625 | E19: 0.61111111 | F19: 0.625 | H19: =MOD(F19-E19, 1) -> 0.013888889
A20: Zona Sul Loja 08 - Ipanema | B20: CARLOS GONÇALVES (2º CARRO) | C20: LNU-9595 | D20: SEM | E20: RASTREADOR | H20: =MOD(F20-E20, 1) -> #VALUE!
A21: Zona Sul Loja 01 - Ipanema | B21: HLOG /MARCOS FERNANDO | C21: UFW-OH63 | D21: 0.59027778 | E21: 0.63194444 | F21: 0.66319444 | H21: =MOD(F21-E21, 1) -> 0.03125
A22: Zona Sul Loja 40 - Ipanema | B22: SÉRGIO JOSE DA SILVA (1º CARRO) | C22: LJS-2172 | D22: 0.63888889 | E22: 0.68055556 | F22: 0.73958333 | H22: =MOD(F22-E22, 1) -> 0.059027778
A23: Zona Sul Loja 40 - Ipanema | B23: MILTON (2º CARRO) | C23: KOP-4978 | D23: 0.67013889 | E23: 0.71527778 | F23: 0.75347222 | H23: =MOD(F23-E23, 1) -> 0.038194444
A24: Zona Sul Loja 14 - Leblon | B24: FRANCISCO IRAN | C24: RJL-7D33 | D24: 0.46875 | E24: 0.51736111 | F24: 0.52777778 | H24: =MOD(F24-E24, 1) -> 0.010416667
A25: Zona Sul Loja 09 - Ipanema | B25: JÚLIO COUTO / INACIO ARAUJO | C25: LQU-5546 | D25: 0.64236111 | E25: 0.68055556 | F25: 0.69791667 | H25: =MOD(F25-E25, 1) -> 0.017361111
A26: Zona Sul Loja 38 - Copacabana | B26: MOBRICI | C26: AOP-3C73 | D26: 0.63541667 | E26: 0.67013889 | F26: 0.69097222 | H26: =MOD(F26-E26, 1) -> 0.020833333
A27: Zona Sul Loja 12 - Leme | B27: WANDERLEY | C27: AFY-7J99 | D27: 0.62152778 | E27: 0.65625 | F27: 0.69791667 | H27: =MOD(F27-E27, 1) -> 0.041666667
A28: Zona Sul Loja 34 - Barra | B28: RAPHAEL / LUIZ ALVES (1º CARRO) | C28: LCO-0978 | D28: 0.54861111 | E28: 0.60416667 | F28: 0.63541667 | H28: =MOD(F28-E28, 1) -> 0.03125
A29: Zona Sul Loja 34 - Barra | B29: FABIO / VLADIMIR (2º CARRO) | C29: KYQ-4846 | D29: SEM | E29: RASTREADOR | H29: =MOD(F29-E29, 1) -> #VALUE!
A30: Zona Sul Loja 43 - Barra (Península) | B30: DOUGLAS | C30: LTE-0A64 | D30: SEM | E30: RASTREADOR | H30: =MOD(F30-E30, 1) -> #VALUE!
A31: Zona Sul Loja 35 - Barra | B31: FABIO | C31: KWS-8205 | D31: SEM | E31: RASTREADOR | H31: =MOD(F31-E31, 1) -> #VALUE!
A32: Zona Sul Loja 45 - Flamengo | B32: FÁBIO / RODRIGO (1º CARRO) | C32: PXA-9727 | D32: SEM | E32: RASTREADOR | H32: =MOD(F32-E32, 1) -> #VALUE!
A33: Zona Sul Loja 45 - Flamengo | B33: WILLIAM / EDMILSON JOSÉ (2º CARRO) | C33: LTQ-0783 | D33: 0.72569444 | E33: 0.76041667 | F33: 0.77777778 | H33: =MOD(F33-E33, 1) -> 0.017361111
A34: Zona Sul Loja 03 - Copacabana I | B34: TIAGO DA COSTA | C34: KNC-5J75 | D34: 0.77430556 | E34: 0.83333333 | F34: 0.85763889 | H34: =MOD(F34-E34, 1) -> 0.024305556
A35: Zona Sul Loja 26 - Copacabana | B35: TIAGO DA COSTA | C35: KNC-5J75 | D35: 0.77430556 | E35: 0.86111111 | F35: 0.86805556 | H35: =MOD(F35-E35, 1) -> 0.0069444444
A36: Zona Sul Loja 19 - Copacabana | B36: EDUARDO (1º CARRO) | C36: LQA-5883 | D36: SEM | E36: RASTREADOR | H36: =MOD(F36-E36, 1) -> #VALUE!
A37: Zona Sul Loja 05 - Copacabana III | B37: ALESSANDRA/ JONESON (2º CARRO FL. 19) | C37: EBG-2D13 | D37: 0.71527778 | E37: 0.75347222 | F37: 0.77083333 | H37: =MOD(F37-E37, 1) -> 0.017361111
A38: Zona Sul Loja 19 - Copacabana | B38: ALESSANDRA/ JONESON (2º CARRO FL. 19) | C38: EBG-2D13 | D38: 0.71527778 | E38: 0.78125 | F38: 0.8125 | H38: =MOD(F38-E38, 1) -> 0.03125
A39: Zona Sul Loja 25 - Jd.Botânico | B39: SIDNEI / DIEGO | C39: KQB-3F31 | D39: 0.78472222 | E39: 0.85763889 | F39: 0.88194444 | H39: =MOD(F39-E39, 1) -> 0.024305556
A40: Zona Sul Loja 22 - S.Conrado | B40: SIDNEI / DIEGO | C40: KQB-3F31 | D40: 0.78472222 | E40: 0.89236111 | F40: 0.90972222 | H40: =MOD(F40-E40, 1) -> 0.017361111
A41: Zona Sul Loja 31 - Jd.Botânico | B41: EVERTON | C41: CYB-3B90 | D41: 0.80902778 | E41: 0.84722222 | F41: 0.86458333 | H41: =MOD(F41-E41, 1) -> 0.017361111
A42: Zona Sul Loja 23 - Barra | B42: EDUARDO | C42: QAH-2H50 | D42: SEM | E42: RASTREADOR | H42: =MOD(F42-E42, 1) -> #VALUE!
A43: Zona Sul Loja 17 - Barra | B43: PAULO ROBERTO (1º CARRO) | C43: MDV-3746 | D43: SEM | E43: RASTREADOR | H43: =MOD(F43-E43, 1) -> #VALUE!
A44: Zona Sul Loja 44 - Barra | B44: RAPHAEL / DANIEL (2º CARRO FL. 17) | C44: LKV-5067 | D44: 0.74652778 | E44: 0.81597222 | F44: 0.82986111 | H44: =MOD(F44-E44, 1) -> 0.013888889
A45: Zona Sul Loja 17 - Barra | B45: RAPHAEL / DANIEL (2º CARRO FL. 17) | C45: LKV-5067 | D45: 0.74652778 | E45: 0.79166667 | F45: 0.80555556 | H45: =MOD(F45-E45, 1) -> 0.013888889
A46: Zona Sul Loja 47 - Catete | B46: MARCIO | C46: LTH-4J15 | D46: 0.80555556 | E46: 0.83680556 | F46: 0.86805556 | H46: =MOD(F46-E46, 1) -> 0.03125
A47: Zona Sul Loja 10 - Recreio | B47: RAPHAEL / LUIZ ANTONIO ALVES (1º CARRO) | C47: KMY-5561 | D47: 0.74652778 | E47: 0.79513889 | F47: 0.82986111 | H47: =MOD(F47-E47, 1) -> 0.034722222
A48: Zona Sul Mega Box 2 - Recreio | B48: ANTONIO (1º CARRO) | C48: MES-7F27 | D48: 0.80902778 | E48: 0.84375 | F48: 0.87152778 | H48: =MOD(F48-E48, 1) -> 0.027777778
A49: Zona Sul Loja 10 - Recreio | B49: FELIPE / PAULO CESAR (2º CARRO FL.10 E MEGA BOX 2) | C49: LNU-7733 | D49: SEM | E49: RASTREADOR | H49: =MOD(F49-E49, 1) -> #VALUE!
A50: Zona Sul Mega Box 2 - Recreio | B50: FELIPE / PAULO CESAR (2º CARRO FL.10 E MEGA BOX 2) | C50: LNU-7733 | D50: SEM | E50: RASTREADOR | H50: =MOD(F50-E50, 1) -> #VALUE!
A51: Zona Sul Loja 20 - Botafogo | B51: LUIZ / NILTON RODRIGUES (1º CARRO) | C51: AKZ-2594 | D51: 0.70486111 | E51: 0.73263889 | F51: 0.80555556 | H51: =MOD(F51-E51, 1) -> 0.072916667
A52: Zona Sul Loja 42 - Botafogo | B52: RENATO (2º CARRO FL. 20) | C52: JAJ-6B36 | D52: 0.75 | E52: 0.77430556 | F52: 0.80208333 | H52: =MOD(F52-E52, 1) -> 0.027777778
A53: Zona Sul Loja 20 - Botafogo | B53: RENATO (2º CARRO FL. 20) | C53: JAJ-6B36 | D53: NÃO | E53: FOI AO | F53: CLIENTE | H53: =MOD(F53-E53, 1) -> #VALUE!
A54: Zona Sul Loja 32 - Laranjeiras | B54: LUCIANO / ANDERSON | C54: LVE-0688 | D54: 0.79513889 | E54: 0.82291667 | F54: 0.85069444 | H54: =MOD(F54-E54, 1) -> 0.027777778
A55: Zona Sul Loja 06 - Gávea | B55: SIDNEI / AGNALDO | C55: LKR-5990 | D55: NÃO | E55: FOI AO | F55: CLIENTE | H55: =MOD(F55-E55, 1) -> #VALUE!
A56: Zona Sul Loja 46 - Botafogo | B56: EDUARDO / JOSENILDO ANISIO | C56: KRK-3D12 | D56: 0.80902778 | E56: 0.84027778 | F56: 0.85763889 | H56: =MOD(F56-E56, 1) -> 0.017361111
A57: Zona Sul Mega Box 1 - Olaria | B57: HLOG / FABRICIO (1º CARRO) | C57: QSS-1E48 | D57: NÃO | E57: FOI AO | F57: CLIENTE | H57: =MOD(F57-E57, 1) -> #VALUE!
A58: Zona Sul Loja 1129 - Olaria | B58: JHONATA FREIRE DA SILVA (2º CARRO MEGA BOX 1) | C58: KYM-2I62 | D58: SEM | E58: RASTREADOR | H58: =MOD(F58-E58, 1) -> #VALUE!
A59: Zona Sul Mega Box 1 - Olaria | B59: JHONATA FREIRE DA SILVA (2º CARRO MEGA BOX 1) | C59: KYM-2I62 | D59: SEM | E59: RASTREADOR | H59: =MOD(F59-E59, 1) -> #VALUE!
H60: =MOD(F60-E60, 1) -> 0
H61: =MOD(F61-E61, 1) -> 0
H62: =MOD(F62-E62, 1) -> 0
H63: =MOD(F63-E63, 1) -> 0
H64: =MOD(F64-E64, 1) -> 0
H65: =MOD(F65-E65, 1) -> 0
H66: =MOD(F66-E66, 1) -> 0
H67: =MOD(F67-E67, 1) -> 0
H68: =MOD(F68-E68, 1) -> 0
H69: =MOD(F69-E69, 1) -> 0

Sheet 17
A1: RELATÓRIO KPI - Zona Sul BENASSI
A2: REDES / FILIAIS | B2: MOTORISTA | C2: PLACA | D2: SAIDA CD | E2: CHD LOJA 1 | F2: SAIDA LOJA 1 | H2: TEMPO EM LOJA 1
A3: Zona Sul Loja 18 - Copacabana | B3: JOSUE DOS SANTOS | C3: BBH-1C94 | D3: 0.24305556 | E3: 0.27083333 | F3: 0.30555556 | H3: =MOD(F3-E3, 1) -> 0.034722222
A4: Zona Sul Loja 04 - Copacabana II | B4: SANDRO EDUARDO/ MARCIO | C4: KVH-9J42 | D4: 0.27777778 | E4: 0.31597222 | F4: 0.35763889 | H4: =MOD(F4-E4, 1) -> 0.041666667
A5: Zona Sul Loja 30 - Laranjeiras | B5: SIDNEI ANTONIO MENDES | C5: LQE-5401 | D5: 0.17708333 | E5: 0.20138889 | F5: 0.25694444 | H5: =MOD(F5-E5, 1) -> 0.055555556
A6: Zona Sul Loja 21 - Flamengo | B6: FÁBIO P. /RODRIGO | C6: KWK-4593 | D6: 0.24652778 | E6: 0.27083333 | F6: 0.33333333 | H6: =MOD(F6-E6, 1) -> 0.0625
A7: Zona Sul Loja 33 - Humaitá | B7: ALEX | C7: LKW-2B80 | D7: 0.22569444 | E7: 0.25 | F7: 0.28819444 | H7: =MOD(F7-E7, 1) -> 0.038194444
A8: Zona Sul Loja 36 - Botafogo | B8: RAPHAEL / LUIZ ALVES | C8: LCO-0978 | D8: 0.27777778 | E8: 0.30555556 | F8: 0.33333333 | H8: =MOD(F8-E8, 1) -> 0.027777778
A9: Zona Sul Loja 48 - Recreio | B9: FRANCISCO IRAN | C9: RJL-7D33 | D9: 0.18402778 | E9: 0.21180556 | F9: 0.28819444 | H9: =MOD(F9-E9, 1) -> 0.076388889
A10: Zona Sul Loja 13 - Angra | B10: JULIO | C10: CZB-9J19 | D10: SEM | E10: RASTREADOR | H10: =MOD(F10-E10, 1) -> #VALUE!
H11: =MOD(F11-E11, 1) -> 0
H12: =MOD(F12-E12, 1) -> 0
H13: =MOD(F13-E13, 1) -> 0
H14: =MOD(F14-E14, 1) -> 0
H15: =MOD(F15-E15, 1) -> 0
H16: =MOD(F16-E16, 1) -> 0
H17: =MOD(F17-E17, 1) -> 0
H18: =MOD(F18-E18, 1) -> 0
H19: =MOD(F19-E19, 1) -> 0
H20: =MOD(F20-E20, 1) -> 0
H21: =MOD(F21-E21, 1) -> 0
H22: =MOD(F22-E22, 1) -> 0
... H69: =MOD(F69-E69, 1) -> 0

Sheet 18
A1: RELATÓRIO KPI - Zona Sul BENASSI
A2: REDES / FILIAIS | B2: MOTORISTA | C2: PLACA | D2: SAIDA CD | E2: CHD LOJA 1 | F2: SAIDA LOJA 1 | H2: TEMPO EM LOJA 1
A3: Zona Sul Loja 15 - Leblon | B3: WILLIAM / EDMILSON JOSÉ | C3: LTQ-0783 | D3: 0.45486111 | E3: 0.53125 | F3: 0.54513889 | H3: =MOD(F3-E3, 1) -> 0.013888889
A4: Zona Sul Loja 25 - Jd.Botânico | B4: WILLIAM / EDMILSON JOSÉ | C4: LTQ-0783 | D4: 0.45486111 | E4: 0.50347222 | F4: 0.52430556 | H4: =MOD(F4-E4, 1) -> 0.020833333
A5: Zona Sul Loja 04 - Copacabana II | B5: ALEX | C5: LKW-2B80 | D5: 0.47222222 | E5: 0.51736111 | F5: 0.53125 | H5: =MOD(F5-E5, 1) -> 0.013888889
A6: Zona Sul Loja 18 - Copacabana | B6: ALEX | C6: LKW-2B80 | D6: 0.47222222 | E6: 0.53472222 | F6: 0.57638889 | H6: =MOD(F6-E6, 1) -> 0.041666667
A7: Zona Sul Loja 10 - Recreio | B7: FÁBIO P. /RODRIGO | C7: KWK-4593 | D7: 0.45833333 | E7: 0.54861111 | F7: 0.58333333 | H7: =MOD(F7-E7, 1) -> 0.034722222
A8: Zona Sul Loja 17 - Barra | B8: FÁBIO P. /RODRIGO | C8: KWK-4593 | D8: 0.45833333 | E8: 0.5 | F8: 0.52430556 | H8: =MOD(F8-E8, 1) -> 0.024305556
A9: Zona Sul Loja 46 - Botafogo | B9: JÚLIO COUTO / INACIO ARAUJO | C9: LQU-5546 | D9: 0.46527778 | E9: 0.50694444 | F9: 0.53819444 | H9: =MOD(F9-E9, 1) -> 0.03125
A10: Zona Sul Loja 36 - Botafogo | B10: JÚLIO COUTO / INACIO ARAUJO | C10: LQU-5546 | D10: 0.46527778 | E10: 0.54166667 | F10: 0.55555556 | H10: =MOD(F10-E10, 1) -> 0.013888889
A11: Zona Sul Loja 47 - Catete | B11: EVERTON | C11: CYB-3B90 | D11: 0.46180556 | E11: 0.51388889 | F11: 0.52430556 | H11: =MOD(F11-E11, 1) -> 0.010416667
A12: Zona Sul Loja 31 - Jd.Botânico | B12: EVERTON | C12: CYB-3B90 | D12: 0.46180556 | E12: 0.54861111 | F12: 0.56944444 | H12: =MOD(F12-E12, 1) -> 0.020833333
A13: Zona Sul Loja 08 - Ipanema | B13: WANDERLEY | C13: AFY-7J99 | D13: 0.45833333 | E13: 0.50347222 | F13: 0.59027778 | H13: =MOD(F13-E13, 1) -> 0.086805556
A14: Zona Sul Loja 19 - Copacabana | B14: LUIZ / NILTON RODRIGUES | C14: AKZ-2594 | D14: 0.45486111 | E14: 0.49652778 | F14: 0.56597222 | H14: =MOD(F14-E14, 1) -> 0.069444444
... A18: Zona Sul Loja 34 - Barra | B18: HLOG / MATHEUS | C18: UBG-7F79 | D18: 0.45833333 | E18: 0.49652778 | F18: 0.51736111 | H18: =MOD(F18-E18, 1) -> 0.020833333
A19: Zona Sul Loja 28 - Urca | B19: HLOG / RODRIGO | C19: UBF-5G34 | D19: SEM | E19: RASTREADOR | H19: =MOD(F19-E19, 1) -> #VALUE!
A20: Zona Sul Loja 29 - Flamengo | B20: MILTON | C20: KOP-4978 | D20: 0.61111111 | E20: 0.66666667 | F20: 0.67708333 | H20: =MOD(F20-E20, 1) -> 0.010416667
A21: Zona Sul Loja 28 - Urca | B21: MILTON | C21: KOP-4978 | D21: 0.61111111 | E21: 0.64930556 | F21: 0.65625 | H21: =MOD(F21-E21, 1) -> 0.0069444444
A22: Zona Sul Loja 07 - Leblon | B22: CLEYTON | C22: FHO-5F88 | D22: 0.50694444 | E22: 0.55208333 | F22: 0.57638889 | H22: =MOD(F22-E22, 1) -> 0.024305556
A23: Zona Sul Loja 11 - Leblon | B23: MARCIO / ERIVELTON | C23: KRH-5H67 | D23: 0.51736111 | E23: 0.57986111 | F23: 0.58680556 | H23: =MOD(F23-E23, 1) -> 0.0069444444
A24: Zona Sul Loja 11 - Leblon | B24: PAULO HENRIQUE | C24: DBB-8D19 | D24: 0.54166667 | E24: 0.59027778 | F24: 0.65972222 | H24: =MOD(F24-E24, 1) -> 0.069444444
A25: Zona Sul Loja 11 - Leblon | B25: WILLIAM | C25: INW-8A51 | D25: 0.56597222 | E25: 0.62152778 | F25: 0.67013889 | H25: =MOD(F25-E25, 1) -> 0.048611111
A26: Zona Sul Loja 08 - Ipanema | B26: JHONATA FREIRE DA SILVA | C26: KYM-2I62 | D26: SEM | E26: RASTREADOR | H26: =MOD(F26-E26, 1) -> #VALUE!
A27: Zona Sul Loja 09 - Ipanema | B27: HLOG / JONATHAN MARCIO | C27: TML-5I70 | D27: 0.63194444 | E27: 0.67361111 | F27: 0.71180556 | H27: =MOD(F27-E27, 1) -> 0.038194444
A28: Zona Sul Loja 01 - Ipanema | B28: CARLOS GONÇALVES | C28: LNU-9595 | D28: SEM | E28: RASTREADOR | H28: =MOD(F28-E28, 1) -> #VALUE!
A29: Zona Sul Loja 38 - Copacabana | B29: HLOG / MARCOS FERNANDO | C29: UFW-0H63 | D29: 0.625 | E29: 0.66319444 | F29: 0.68402778 | H29: =MOD(F29-E29, 1) -> 0.020833333
A30: Zona Sul Loja 12 - Leme | B30: FÁBIO / RODRIGO | C30: KWK-4593 | D30: 0.67013889 | E30: 0.71180556 | F30: 0.73611111 | H30: =MOD(F30-E30, 1) -> 0.024305556
A31: Zona Sul Loja 14 - Leblon | B31: RAPHAEL / LUIZ ALVES | C31: LCO-0978 | D31: 0.22569444 | E31: 0.28819444 | F31: 0.47569444 | H31: =MOD(F31-E31, 1) -> 0.1875
A32: Zona Sul Loja 34 - Barra | B32: HLOG / JOSE ROBERTO | C32: TML-3B11 | D32: NÃO | E32: FOI AO | F32: CLIENTE | H32: =MOD(F32-E32, 1) -> #VALUE!
A33: Zona Sul Loja 40 - Ipanema | B33: LUCIANO / ANDERSON | C33: LVE-0688 | D33: 0.65625 | E33: 0.70138889 | F33: 0.76041667 | H33: =MOD(F33-E33, 1) -> 0.059027778
A34: Zona Sul Loja 40 - Ipanema | B34: MARCIO | C34: LTH-4J15 | D34: 0.72916667 | E34: 0.79513889 | F34: 0.8125 | H34: =MOD(F34-E34, 1) -> 0.017361111
A35: Zona Sul Loja 43 - Barra (Península) | B35: EDUARDO | C35: LQA5883 | D35: SEM | E35: RASTREADOR | H35: =MOD(F35-E35, 1) -> #VALUE!
A36: Zona Sul Loja 35 - Barra | B36: HLOG / FERNANDO CARDOSO | C36: UDC-6I03 | D36: 0.62152778 | E36: 0.67013889 | F36: 0.71180556 | H36: =MOD(F36-E36, 1) -> 0.041666667
A37: Zona Sul Loja 45 - Flamengo | B37: MOBRICI | C37: AOP-3C73 | D37: 0.56597222 | E37: 0.60069444 | F37: 0.63194444 | H37: =MOD(F37-E37, 1) -> 0.03125
A38: Zona Sul Loja 47 - Catete | B38: EDUARDO | C38: KRK3D12 | D38: 0.76736111 | E38: 0.82638889 | F38: 0.84027778 | H38: =MOD(F38-E38, 1) -> 0.013888889
A39: Zona Sul Loja 45 - Flamengo | B39: EDUARDO | C39: KRK3D12 | D39: 0.76736111 | E39: 0.80208333 | F39: 0.82291667 | H39: =MOD(F39-E39, 1) -> 0.020833333
A40: Zona Sul Loja 05 - Copacabana III | B40: JOSUE DOS SANTOS | C40: BBH-1C94 | D40: 0.80208333 | E40: 0.83680556 | F40: 0.86111111 | H40: =MOD(F40-E40, 1) -> 0.024305556
A41: Zona Sul Loja 20 - Botafogo | B41: PAULO ROBERTO | C41: MDV-3746 | D41: SEM | E41: RASTREADOR | H41: =MOD(F41-E41, 1) -> #VALUE!
A42: Zona Sul Loja 25 - Jd.Botânico | B42: EDUARDO | C42: QAH-2H50 | D42: SEM | E42: RASTREADOR | H42: =MOD(F42-E42, 1) -> #VALUE!
A43: Zona Sul Loja 22 - S.Conrado | B43: EDUARDO | C43: QAH-2H50 | D43: SEM | E43: RASTREADOR | H43: =MOD(F43-E43, 1) -> #VALUE!
A44: Zona Sul Loja 06 - Gávea | B44: SIDNEI / DIEGO | C44: KQB-3F31 | D44: NÃO | E44: FOI AO | F44: CLIENTE | H44: =MOD(F44-E44, 1) -> #VALUE!
A45: Zona Sul Loja 31 - Jd.Botânico | B45: LUIZ | C45: LUP1F13 | D45: SEM | E45: RASTREADOR | H45: =MOD(F45-E45, 1) -> #VALUE!
A46: Zona Sul Loja 17 - Barra | B46: SÉRGIO JOSE DA SILVA | C46: LJS-2172 | D46: 0.78472222 | E46: 0.83333333 | F46: 0.86111111 | H46: =MOD(F46-E46, 1) -> 0.027777778
A47: Zona Sul Loja 23 - Barra | B47: DOUGLAS | C47: LTE0A64 | D47: SEM | E47: RASTREADOR | H47: =MOD(F47-E47, 1) -> #VALUE!
A48: Zona Sul Loja 44 - Barra | B48: FÁBIO BORGES | C48: LAF-0697 | D48: NÃO | E48: FOI AO | F48: CLIENTE | H48: =MOD(F48-E48, 1) -> #VALUE!
A49: Zona Sul Mega Box 2 - Recreio | B49: SIDNEI / AGNALDO | C49: LKR-5990 | D49: 0.79513889 | E49: 0.85069444 | F49: 0.875 | H49: =MOD(F49-E49, 1) -> 0.024305556
A50: Zona Sul Loja 10 - Recreio | B50: RAFAEL | C50: LKV5067 | D50: 0.76388889 | E50: 0.81597222 | F50: 0.84375 | H50: =MOD(F50-E50, 1) -> 0.027777778
A51: Zona Sul Loja 32 - Laranjeiras | B51: SANDRO EDUARDO / MARCIO | C51: KVH-9J42 | D51: 0.78125 | E51: 0.80902778 | F51: 0.84722222 | H51: =MOD(F51-E51, 1) -> 0.038194444
A52: Zona Sul Loja 42 - Botafogo | B52: WANDERLEY | C52: AFY-7J99 | D52: 0.78819444 | E52: 0.81944444 | F52: 0.83680556 | H52: =MOD(F52-E52, 1) -> 0.017361111
A53: Zona Sul Loja 36 - Botafogo | B53: WANDERLEY | C53: AFY-7J99 | D53: 0.78819444 | E53: 0.84722222 | F53: 0.86458333 | H53: =MOD(F53-E53, 1) -> 0.017361111
A54: Zona Sul Loja 19 - Copacabana | B54: ALESSANDRA/ JONESON | C54: EBG-2D13 | D54: 0.75694444 | E54: 0.80555556 | F54: 0.85416667 | H54: =MOD(F54-E54, 1) -> 0.048611111
A55: Zona Sul Loja 26 - Copacabana | B55: EDUARDO / JOSENILDO ANISIO | C55: KRK-3D12 | D55: NÃO | E55: FOI AO | F55: CLIENTE | H55: =MOD(F55-E55, 1) -> #VALUE!
A56: Zona Sul Mega Box 1 - Olaria | B56: JHONATA FREIRE DA SILVA | C56: KYM-2I62 | D56: SEM | E56: RASTREADOR | H56: =MOD(F56-E56, 1) -> #VALUE!
A57: Zona Sul Loja 1129 - Olaria | B57: JHONATA FREIRE DA SILVA | C57: KYM-2I62 | D57: SEM | E57: RASTREADOR | H57: =MOD(F57-E57, 1) -> #VALUE!
A58: Zona Sul Mega Box 1 - Olaria | B58: ALEX | C58: LKW-2B80 | D58: NÃO | E58: FOI AO | F58: CLIENTE | H58: =MOD(F58-E58, 1) -> #VALUE!
A59: Zona Sul Loja 03 - Copacabana I | B59: ALEX | C59: LKW-2B80 | D59: 0.75694444 | E59: 0.79861111 | F59: 0.81597222 | H59: =MOD(F59-E59, 1) -> 0.017361111
A60: Zona Sul Loja 06 - Gávea | B60: FELIPE SILVA | C60: KUL-1425 | D60: 0.80902778 | E60: 0.84722222 | F60: 0.86458333 | H60: =MOD(F60-E60, 1) -> 0.017361111
A61: Zona Sul Loja 46 - Botafogo | B61: RENATO | C61: JAJ-6B36 | D61: 0.77777778 | E61: 0.80902778 | F61: 0.82986111 | H61: =MOD(F61-E61, 1) -> 0.020833333
H62: =MOD(F62-E62, 1) -> 0
H63: =MOD(F63-E63, 1) -> 0
H64: =MOD(F64-E64, 1) -> 0
H65: =MOD(F65-E65, 1) -> 0
H66: =MOD(F66-E66, 1) -> 0
H67: =MOD(F67-E67, 1) -> 0
H68: =MOD(F68-E68, 1) -> 0
H69: =MOD(F69-E69, 1) -> 0

Sheet 19
A1: RELATÓRIO KPI - Zona Sul BENASSI
A2: REDES / FILIAIS | B2: MOTORISTA | C2: PLACA | D2: SAIDA CD | E2: CHD LOJA 1 | F2: SAIDA LOJA 1 | H2: TEMPO EM LOJA 1
A3: Zona Sul Loja 33 - Humaitá | B3: JOSUE DOS SANTOS | C3: BBH-1C94 | D3: 0.20486111 | E3: 0.22916667 | F3: 0.32638889 | H3: =MOD(F3-E3, 1) -> 0.097222222
A4: Zona Sul Loja 21 - Flamengo | B4: FÁBIO P. /RODRIGO | C4: KWK-4593 | D4: 0.22569444 | E4: 0.26041667 | F4: 0.34375 | H4: =MOD(F4-E4, 1) -> 0.083333333
A5: Zona Sul Loja 30 - Laranjeiras | B5: SIDNEI ANTONIO MENDES | C5: LQE-5401 | D5: 0.18055556 | E5: 0.19791667 | F5: 0.22569444 | H5: =MOD(F5-E5, 1) -> 0.027777778
A6: Zona Sul Loja 21 - Flamengo | B6: SIDNEI ANTONIO MENDES | C6: LQE-5401 | D6: NÃO | E6: FOI AO | F6: CLIENTE | H6: =MOD(F6-E6, 1) -> #VALUE!
A7: Zona Sul Loja 27 - Ipanema | B7: JÚLIO COUTO/INACIO ARAUJO | C7: LQU-5546 | D7: 0.14583333 | E7: 0.19791667 | F7: 0.22222222 | H7: =MOD(F7-E7, 1) -> 0.024305556
A8: Zona Sul Loja 15 - Leblon | B8: JÚLIO COUTO/INACIO ARAUJO | C8: LQU-5546 | D8: 0.14583333 | E8: 0.22916667 | F8: 0.27777778 | H8: =MOD(F8-E8, 1) -> 0.048611111
A9: Zona Sul Loja 04 - Copacabana II | B9: SANDRO EDUARDO/ MARCIO | C9: KVH-9J42 | D9: 0.21180556 | E9: 0.24305556 | F9: 0.40277778 | H9: =MOD(F9-E9, 1) -> 0.15972222
A10: Zona Sul Loja 18 - Copacabana | B10: ALEX | C10: LKW-2B80 | D10: 0.1875 | E10: 0.21527778 | F10: 0.27777778 | H10: =MOD(F10-E10, 1) -> 0.0625
A11: Zona Sul Loja 07 - Leblon | B11: RAPHAEL /LUIZ ALVES | C11: LCO-0978 | D11: 0.22569444 | E11: 0.26388889 | F11: 0.47222222 | H11: =MOD(F11-E11, 1) -> 0.20833333
A12: Zona Sul Loja 48 - Recreio | B12: FRANCISCO IRAN | C12: RJL-7D33 | D12: NÃO | E12: FOI AO | F12: CLIENTE | H12: =MOD(F12-E12, 1) -> #VALUE!
A13: Zona Sul Loja 13 - Angra | B13: JULIO | C13: CZB-9J19 | D13: SEM | E13: RASTREADOR | H13: =MOD(F13-E13, 1) -> #VALUE!
A14: Zona Sul Loja 28 - Urca | B14: JÚLIO COUTO / INACIO ARAUJO | C14: LQU-5546 | D14: 0.41319444 | E14: 0.66319444 | F14: 0.67708333 | H14: =MOD(F14-E14, 1) -> 0.013888889
A15: Zona Sul Loja 29 - Flamengo | B15: JÚLIO COUTO / INACIO ARAUJO | C15: LQU-5546 | D15: 0.41319444 | E15: 0.6875 | F15: 0.70138889 | H15: =MOD(F15-E15, 1) -> 0.013888889
A16: Zona Sul Mega Box 1 - Olaria | B16: MILTON | C16: KOP-4978 | D16: 0.55902778 | E16: 0.56944444 | F16: 0.57986111 | H16: =MOD(F16-E16, 1) -> 0.010416667
A17: Zona Sul Mega Box 2 - Recreio | B17: MILTON | C17: KOP-4978 | D17: 0.55902778 | E17: 0.69444444 | F17: 0.70833333 | H17: =MOD(F17-E17, 1) -> 0.013888889
A18: Zona Sul Loja 07 - Leblon | B18: ALESSIO | C18: KQR-2J11 | D18: 0.59027778 | E18: 0.625 | F18: 0.67361111 | H18: =MOD(F18-E18, 1) -> 0.048611111
A19: Zona Sul Loja 31 - Jd.Botânico | B19: PAULO HENRIQUE | C19: DBB-8D19 | D19: 0.53819444 | E19: 0.58333333 | F19: 0.59027778 | H19: =MOD(F19-E19, 1) -> 0.0069444444
A20: Zona Sul Loja 11 - Leblon | B20: PAULO HENRIQUE | C20: DBB-8D19 | D20: 0.53819444 | E20: 0.60763889 | F20: 0.71180556 | H20: =MOD(F20-E20, 1) -> 0.10416667
A21: Zona Sul Loja 11 - Leblon | B21: WILLIAM | C21: INW-8A51 | D21: 0.59027778 | E21: 0.63194444 | F21: 0.6875 | H21: =MOD(F21-E21, 1) -> 0.055555556
A22: Zona Sul Loja 08 - Ipanema | B22: RAPHAEL / LUIZ ALVES | C22: LCO-0978 | D22: NÃO | E22: FOI AO | F22: CLIENTE | H22: =MOD(F22-E22, 1) -> #VALUE!
A23: Zona Sul Loja 14 - Leblon | B23: HLOG / MARCOS FERNANDO | C23: UBO-5E05 | D23: NÃO | E23: FOI AO | F23: CLIENTE | H23: =MOD(F23-E23, 1) -> #VALUE!
A24: Zona Sul Loja 01 - Ipanema | B24: SÉRGIO JOSE DA SILVA | C24: LJS-2172 | D24: 0.64236111 | E24: 0.68402778 | F24: 0.71180556 | H24: =MOD(F24-E24, 1) -> 0.027777778
A25: Zona Sul Loja 09 - Ipanema | B25: SÉRGIO JOSE DA SILVA | C25: LJS-2172 | D25: 0.64236111 | E25: 0.71527778 | F25: 0.73958333 | H25: =MOD(F25-E25, 1) -> 0.024305556
A26: Zona Sul Loja 12 - Leme | B26: WILLIAM / EDMILSON JOSÉ | C26: LTQ-0783 | D26: 0.66319444 | E26: 0.70486111 | F26: 0.73611111 | H26: =MOD(F26-E26, 1) -> 0.03125
A27: Zona Sul Loja 38 - Copacabana | B27: FÁBIO / RODRIGO | C27: KWK-4593 | D27: 0.68055556 | E27: 0.72569444 | F27: 0.74305556 | H27: =MOD(F27-E27, 1) -> 0.017361111
A28: Zona Sul Loja 34 - Barra | B28: CARLOS GONÇALVES | C28: LNU-9595 | D28: SEM | E28: RASTREADOR | H28: =MOD(F28-E28, 1) -> #VALUE!
A29: Zona Sul Loja 43 - Barra (Península) | B29: WANDERLEY | C29: AFY-7J99 | D29: 0.62847222 | E29: 0.67361111 | F29: 0.70486111 | H29: =MOD(F29-E29, 1) -> 0.03125
A30: Zona Sul Loja 35 - Barra | B30: ALEX | C30: LKW-2B80 | D30: 0.57986111 | E30: 0.62847222 | F30: 0.65625 | H30: =MOD(F30-E30, 1) -> 0.027777778
A31: Zona Sul Loja 45 - Flamengo | B31: MOBRICI | C31: AOP-3C73 | D31: 0.61111111 | E31: 0.67013889 | F31: 0.75 | H31: =MOD(F31-E31, 1) -> 0.079861111
A32: Zona Sul Loja 40 - Ipanema | B32: EDUARDO | C32: LQA-5883 | D32: SEM | E32: RASTREADOR | H32: =MOD(F32-E32, 1) -> #VALUE!
A33: Zona Sul Loja 05 - Copacabana III | B33: LUCIANO / ANDERSON | C33: LVE-0688 | D33: 0.77430556 | E33: 0.86458333 | F33: 0.875 | H33: =MOD(F33-E33, 1) -> 0.010416667
A34: Zona Sul Loja 20 - Botafogo | B34: LUCIANO / ANDERSON | C34: LVE-0688 | D34: 0.77430556 | E34: 0.81944444 | F34: 0.85069444 | H34: =MOD(F34-E34, 1) -> 0.03125
A35: Zona Sul Loja 25 - Jd.Botânico | B35: ALESSANDRA/ JONESON | C35: EBG-2D13 | D35: 0.79166667 | E35: 0.84375 | F35: 0.875 | H35: =MOD(F35-E35, 1) -> 0.03125
A36: Zona Sul Loja 22 - S.Conrado | B36: ALESSANDRA/ JONESON | C36: EBG-2D13 | D36: 0.79166667 | E36: 0.88194444 | F36: 0.89930556 | H36: =MOD(F36-E36, 1) -> 0.017361111
A37: Zona Sul Loja 06 - Gávea | B37: DOUGLAS | C37: LTE-0A64 | D37: SEM | E37: RASTREADOR | H37: =MOD(F37-E37, 1) -> #VALUE!
A38: Zona Sul Loja 31 - Jd.Botânico | B38: DOUGLAS | C38: LTE-0A64 | D38: SEM | E38: RASTREADOR | H38: =MOD(F38-E38, 1) -> #VALUE!
A39: Zona Sul Loja 47 - Catete | B39: SIDNEI ANTONIO | C39: LQE-5401 | D39: 0.77083333 | E39: 0.81944444 | F39: 0.84722222 | H39: =MOD(F39-E39, 1) -> 0.027777778
A40: Zona Sul Loja 17 - Barra | B40: FÁBIO / VLADIMIR | C40: KQY-9E24 | D40: 0.74305556 | E40: 0.78472222 | F40: 0.8125 | H40: =MOD(F40-E40, 1) -> 0.027777778
A41: Zona Sul Loja 44 - Barra | B41: SIDNEI / AGNALDO | C41: LKR-5990 | D41: 0.78125 | E41: 0.83680556 | F41: 0.84027778 | H41: =MOD(F41-E41, 1) -> 0.0034722222
A42: Zona Sul Loja 23 - Barra | B42: EDUARDO / JOSENILDO ANISIO | C42: KRK-3D12 | D42: 0.77777778 | E42: 0.81944444 | F42: 0.86111111 | H42: =MOD(F42-E42, 1) -> 0.041666667
A43: Zona Sul Mega Box 2 - Recreio | B43: FELIPE / PAULO CESAR | C43: LNU-7733 | D43: 0.76736111 | E43: 0.8125 | F43: 0.84027778 | H43: =MOD(F43-E43, 1) -> 0.027777778
A44: Zona Sul Loja 10 - Recreio | B44: LUIZ / NILTON RODRIGUES | C44: AKZ-2594 | D44: 0.77083333 | E44: 0.82291667 | F44: 0.84722222 | H44: =MOD(F44-E44, 1) -> 0.024305556
A45: Zona Sul Mega Box 2 - Recreio | B45: LUIZ / NILTON RODRIGUES | C45: AKZ-2594 | D45: 0.77083333 | E45: 0.8125 | F45: 0.81944444 | H45: =MOD(F45-E45, 1) -> 0.0069444444
A46: Zona Sul Loja 19 - Copacabana | B46: RAPHAEL / LUIZ ALVES | C46: LCO-0978 | D46: 0.79861111 | E46: 0.83333333 | F46: 0.89930556 | H46: =MOD(F46-E46, 1) -> 0.065972222
A47: Zona Sul Loja 03 - Copacabana I | B47: JOSUE DOS SANTOS | C47: BBH-1C94 | D47: 0.8125 | E47: 0.84722222 | F47: 0.86111111 | H47: =MOD(F47-E47, 1) -> 0.013888889
A48: Zona Sul Loja 19 - Copacabana | B48: JOSUE DOS SANTOS | C48: BBH-1C94 | D48: 0.8125 | E48: 0.86111111 | F48: 0.86805556 | H48: =MOD(F48-E48, 1) -> 0.0069444444
A49: Zona Sul Loja 26 - Copacabana | B49: MARCIO | C49: LTH-4J15 | D49: 0.77083333 | E49: 0.82638889 | F49: 0.84375 | H49: =MOD(F49-E49, 1) -> 0.017361111
A50: Zona Sul Loja 32 - Laranjeiras | B50: EDUARDO | C50: QAH-2H50 | D50: SEM | E50: RASTREADOR | H50: =MOD(F50-E50, 1) -> #VALUE!
A51: Zona Sul Loja 42 - Botafogo | B51: EDUARDO | C51: QAH-2H50 | D51: SEM | E51: RASTREADOR | H51: =MOD(F51-E51, 1) -> #VALUE!
A52: Zona Sul Loja 46 - Botafogo | B52: RENATO | C52: JAJ-6B36 | D52: 0.75347222 | E52: 0.80208333 | F52: 0.82638889 | H52: =MOD(F52-E52, 1) -> 0.024305556
A53: Zona Sul Loja 1129 - Olaria | B53: JHONATA FREIRE DA SILVA | C53: KYM-2I62 | D53: SEM | E53: RASTREADOR | H53: =MOD(F53-E53, 1) -> #VALUE!
A54: Zona Sul Mega Box 1 - Olaria | B54: PAULO ROBERTO | C54: MDV-3746 | D54: SEM | E54: RASTREADOR | H54: =MOD(F54-E54, 1) -> #VALUE!
A55: Zona Sul Loja 1129 - Olaria | B55: PAULO ROBERTO | C55: MDV-3746 | D55: SEM | E55: RASTREADOR | H55: =MOD(F55-E55, 1) -> #VALUE!
H56: =MOD(F56-E56, 1) -> 0
H57: =MOD(F57-E57, 1) -> 0
H58: =MOD(F58-E58, 1) -> 0
H59: =MOD(F59-E59, 1) -> 0
H60: =MOD(F60-E60, 1) -> 0
H61: =MOD(F61-E61, 1) -> 0
H62: =MOD(F62-E62, 1) -> 0
H63: =MOD(F63-E63, 1) -> 0
H64: =MOD(F64-E64, 1) -> 0
H65: =MOD(F65-E65, 1) -> 0
H66: =MOD(F66-E66, 1) -> 0
H67: =MOD(F67-E67, 1) -> 0
... H69: =MOD(F69-E69, 1) -> 0

Sheet 20
A1: RELATÓRIO KPI - Zona Sul BENASSI
A2: REDES / FILIAIS | B2: MOTORISTA | C2: PLACA | D2: SAIDA CD | E2: CHD LOJA 1 | F2: SAIDA LOJA 1 | H2: TEMPO EM LOJA 1
A3: Zona Sul Loja 33 - Humaitá | B3: RAPHAEL /LUIZ ALVES | C3: LCO-0978 | D3: 0.22916667 | E3: 0.33680556 | F3: 0.36111111 | H3: =MOD(F3-E3, 1) -> 0.024305556
A4: Zona Sul Loja 36 - Botafogo | B4: RAPHAEL /LUIZ ALVES | C4: LCO-0978 | D4: 0.22916667 | E4: 0.26388889 | F4: 0.32986111 | H4: =MOD(F4-E4, 1) -> 0.065972222
A5: Zona Sul Loja 30 - Laranjeiras | B5: SIDNEI ANTONIO MENDES | C5: LQE-5401 | D5: 0.17708333 | E5: 0.19791667 | F5: 0.22916667 | H5: =MOD(F5-E5, 1) -> 0.03125
A6: Zona Sul Loja 21 - Flamengo | B6: WILLIAM / EDMILSON JOSÉ DE MELO | C6: LTQ-0783 | D6: 0.16666667 | E6: 0.19444444 | F6: 0.36111111 | H6: =MOD(F6-E6, 1) -> 0.16666667
A7: Zona Sul Loja 04 - Copacabana II | B7: SANDRO EDUARDO/ MARCIO | C7: KVH-9J42 | D7: 0.19097222 | E7: 0.22916667 | F7: 0.35069444 | H7: =MOD(F7-E7, 1) -> 0.12152778
A8: Zona Sul Loja 18 - Copacabana | B8: ALEX | C8: LKW-2B80 | D8: 0.19097222 | E8: 0.21875 | F8: 0.28472222 | H8: =MOD(F8-E8, 1) -> 0.065972222
A9: Zona Sul Loja 27 - Ipanema | B9: JÚLIO COUTO / INACIO ARAUJO | C9: LQU-5546 | D9: 0.15972222 | E9: 0.1875 | F9: 0.22222222 | H9: =MOD(F9-E9, 1) -> 0.034722222
A10: Zona Sul Loja 15 - Leblon | B10: JÚLIO COUTO / INACIO ARAUJO | C10: LQU-5546 | D10: 0.15972222 | E10: 0.22916667 | F10: 0.27083333 | H10: =MOD(F10-E10, 1) -> 0.041666667
A11: Zona Sul Loja 07 - Leblon | B11: FÁBIO / RODRIGO | C11: KWK-4593 | D11: 0.20138889 | E11: 0.23611111 | F11: 0.45138889 | H11: =MOD(F11-E11, 1) -> 0.21527778
A12: Zona Sul Loja 48 - Recreio | B12: JOSUE DOS SANTOS | C12: BBH-1C94 | D12: 0.19791667 | E12: 0.22916667 | F12: 0.28819444 | H12: =MOD(F12-E12, 1) -> 0.059027778
A13: Zona Sul Loja 13 - Angra | B13: JULIO | C13: CZB-9J19 | D13: SEM | E13: RASTREADOR | H13: =MOD(F13-E13, 1) -> #VALUE!
A14: Zona Sul Loja 28 - Urca | B14: PAULO HENRIQUE | C14: DBB-8D19 | D14: 0.52777778 | E14: 0.57291667 | F14: 0.59027778 | H14: =MOD(F14-E14, 1) -> 0.017361111
A15: Zona Sul Loja 29 - Flamengo | B15: PAULO HENRIQUE | C15: DBB-8D19 | D15: 0.52777778 | E15: 0.60069444 | F15: 0.62152778 | H15: =MOD(F15-E15, 1) -> 0.020833333
A16: Zona Sul Mega Box 1 - Olaria | B16: ALEX | C16: LKW-2B80 | D16: 0.53125 | E16: 0.54861111 | F16: 0.5625 | H16: =MOD(F16-E16, 1) -> 0.013888889
A17: Zona Sul Mega Box 2 - Recreio | B17: ALEX | C17: LKW-2B80 | D17: 0.53125 | E17: 0.59375 | F17: 0.61111111 | H17: =MOD(F17-E17, 1) -> 0.017361111
A18: Zona Sul Loja 07 - Leblon | B18: ALESSIO | C18: KQR-2J11 | D18: 0.51041667 | E18: 0.55208333 | F18: 0.5625 | H18: =MOD(F18-E18, 1) -> 0.010416667
A19: Zona Sul Loja 11 - Leblon | B19: MARCIO / ERIVELTON | C19: KRH-5H67 | D19: 0.52430556 | E19: 0.56597222 | F19: 0.64236111 | H19: =MOD(F19-E19, 1) -> 0.076388889
A20: Zona Sul Loja 11 - Leblon | B20: WILLIAM | C20: INW-8A51 | D20: 0.63541667 | E20: 0.67013889 | F20: 0.70486111 | H20: =MOD(F20-E20, 1) -> 0.034722222
A21: Zona Sul Loja 08 - Ipanema | B21: FÁBIO / RODRIGO | C21: KWK-4593 | D21: 0.60416667 | E21: 0.64930556 | F21: 0.68055556 | H21: =MOD(F21-E21, 1) -> 0.03125
A22: Zona Sul Loja 14 - Leblon | B22: JÚLIO COUTO / INACIO ARAUJO | C22: LQU-5546 | D22: 0.59722222 | E22: 0.64930556 | F22: 0.67361111 | H22: =MOD(F22-E22, 1) -> 0.024305556
A23: Zona Sul Loja 08 - Ipanema | B23: JÚLIO COUTO / INACIO ARAUJO | C23: LQU-5546 | D23: NÃO | E23: FOI AO | F23: CLIENTE | H23: =MOD(F23-E23, 1) -> #VALUE!
A24: Zona Sul Loja 12 - Leme | B24: MILTON | C24: KOP-4978 | D24: 0.55208333 | E24: 0.60069444 | F24: 0.61458333 | H24: =MOD(F24-E24, 1) -> 0.013888889
A25: Zona Sul Loja 38 - Copacabana | B25: WILLIAM / EDMILSON JOSÉ | C25: LTQ-0783 | D25: 0.61805556 | E25: 0.65625 | F25: 0.67708333 | H25: =MOD(F25-E25, 1) -> 0.020833333
A26: Zona Sul Loja 09 - Ipanema | B26: FÁBIO / VLADIMIR | C26: KQY-9E24 | D26: 0.61805556 | E26: 0.66666667 | F26: 0.70138889 | H26: =MOD(F26-E26, 1) -> 0.034722222
A27: Zona Sul Loja 01 - Ipanema | B27: RAPHAEL / LUIZ ALVES | C27: LCO-0978 | D27: 0.64583333 | E27: 0.6875 | F27: 0.70833333 | H27: =MOD(F27-E27, 1) -> 0.020833333
A28: Zona Sul Loja 40 - Ipanema | B28: RAPHAEL / LUIZ ALVES | C28: LCO-0978 | D28: 0.64583333 | E28: 0.71180556 | F28: 0.75347222 | H28: =MOD(F28-E28, 1) -> 0.041666667
A29: Zona Sul Loja 34 - Barra | B29: SÉRGIO JOSE DA SILVA | C29: LJS-2172 | D29: 0.60416667 | E29: 0.63888889 | F29: 0.65625 | H29: =MOD(F29-E29, 1) -> 0.017361111
A30: Zona Sul Loja 35 - Barra | B30: CARLOS GONÇALVES | C30: LNU-9595 | D30: SEM | E30: RASTREADOR | H30: =MOD(F30-E30, 1) -> #VALUE!
A31: Zona Sul Loja 43 - Barra (Península) | B31: CARLOS GONÇALVES | C31: LNU-9595 | D31: SEM | E31: RASTREADOR | H31: =MOD(F31-E31, 1) -> #VALUE!
A32: Zona Sul Loja 45 - Flamengo | B32: MOBRICI | C32: AOP-3C73 | D32: 0.61805556 | E32: 0.64583333 | F32: 0.71527778 | H32: =MOD(F32-E32, 1) -> 0.069444444
A33: Zona Sul Loja 05 - Copacabana III | B33: SIDNEI / AGNALDO | C33: LKR-5990 | D33: 0.79513889 | E33: 0.90625 | F33: 0.91319444 | H33: =MOD(F33-E33, 1) -> 0.0069444444
A34: Zona Sul Loja 20 - Botafogo | B34: SIDNEI / AGNALDO | C34: LKR-5990 | D34: 0.79513889 | E34: 0.82638889 | F34: 0.85416667 | H34: =MOD(F34-E34, 1) -> 0.027777778
A35: Zona Sul Loja 25 - Jd.Botânico | B35: EDUARDO / JOSENILDO ANISIO | C35: KRK-3D12 | D35: 0.75 | E35: 0.79513889 | F35: 0.82638889 | H35: =MOD(F35-E35, 1) -> 0.03125
A36: Zona Sul Loja 22 - S.Conrado | B36: EDUARDO / JOSENILDO ANISIO | C36: KRK-3D12 | D36: 0.75 | E36: 0.83333333 | F36: 0.85069444 | H36: =MOD(F36-E36, 1) -> 0.017361111
A37: Zona Sul Loja 31 - Jd.Botânico | B37: MARCIO | C37: LTH-4J15 | D37: 0.77777778 | E37: 0.82291667 | F37: 0.83680556 | H37: =MOD(F37-E37, 1) -> 0.013888889
A38: Zona Sul Loja 17 - Barra | B38: RENATO | C38: JAJ-6B36 | D38: 0.76388889 | E38: 0.79513889 | F38: 0.81597222 | H38: =MOD(F38-E38, 1) -> 0.020833333
A39: Zona Sul Loja 23 - Barra | B39: PAULO ROBERTO | C39: MDV-3746 | D39: SEM | E39: RASTREADOR | H39: =MOD(F39-E39, 1) -> #VALUE!
A40: Zona Sul Loja 44 - Barra | B40: PAULO ROBERTO | C40: MDV-3746 | D40: SEM | E40: RASTREADOR | H40: =MOD(F40-E40, 1) -> #VALUE!
A41: Zona Sul Loja 10 - Recreio | B41: LUCIANO / ANDERSON | C41: LVE-0688 | D41: 0.73958333 | E41: 0.78125 | F41: 0.80902778 | H41: =MOD(F41-E41, 1) -> 0.027777778
A42: Zona Sul Mega Box 2 - Recreio | B42: FELIPE / PAULO CESAR | C42: LNU-7733 | D42: NÃO | E42: FOI AO | F42: CLIENTE | H42: =MOD(F42-E42, 1) -> #VALUE!
A43: Zona Sul Loja 19 - Copacabana | B43: EDUARDO | C43: LQA-5883 | D43: SEM | E43: RASTREADOR | H43: =MOD(F43-E43, 1) -> #VALUE!
A44: Zona Sul Loja 03 - Copacabana I | B44: WILIAN FERES | C44: EFU-5704 | D44: 0.78125 | E44: 0.84722222 | F44: 0.86111111 | H44: =MOD(F44-E44, 1) -> 0.013888889
A45: Zona Sul Loja 26 - Copacabana | B45: WILIAN FERES | C45: EFU-5704 | D45: 0.78125 | E45: 0.82638889 | F45: 0.84027778 | H45: =MOD(F45-E45, 1) -> 0.013888889
A46: Zona Sul Loja 32 - Laranjeiras | B46: EDUARDO | C46: QAH-2H50 | D46: SEM | E46: RASTREADOR | H46: =MOD(F46-E46, 1) -> #VALUE!
A47: Zona Sul Loja 42 - Botafogo | B47: EDUARDO | C47: QAH-2H50 | D47: SEM | E47: RASTREADOR | H47: =MOD(F47-E47, 1) -> #VALUE!
A48: Zona Sul Loja 46 - Botafogo | B48: SANDRO EDUARDO / MARCIO | C48: KVH-9J42 | D48: 0.73611111 | E48: 0.76736111 | F48: 0.78819444 | H48: =MOD(F48-E48, 1) -> 0.020833333
A49: Zona Sul Loja 47 - Catete | B49: JOSUE DOS SANTOS | C49: BBH-1C94 | D49: 0.80208333 | E49: 0.8125 | F49: 0.86458333 | H49: =MOD(F49-E49, 1) -> 0.052083333
A50: Zona Sul Loja 1129 - Olaria | B50: JHONATA FREIRE DA SILVA | C50: KYM-2I62 | D50: SEM | E50: RASTREADOR | H50: =MOD(F50-E50, 1) -> #VALUE!
A51: Zona Sul Mega Box 1 - Olaria | B51: JHONATA FREIRE DA SILVA | C51: KYM-2I62 | D51: SEM | E51: RASTREADOR | H51: =MOD(F51-E51, 1) -> #VALUE!
A52: Zona Sul Mega Box 1 - Olaria | B52: SIDNEI ANTONIO | C52: LQE-5401 | D52: 0.75 | E52: 0.76736111 | F52: 0.79166667 | H52: =MOD(F52-E52, 1) -> 0.024305556
A53: Zona Sul Loja 06 - Gávea | B53: SIDNEI ANTONIO | C53: LQE-5401 | D53: 0.75 | E53: 0.84027778 | F53: 0.85416667 | H53: =MOD(F53-E53, 1) -> 0.013888889
H54: =MOD(F54-E54, 1) -> 0
H55: =MOD(F55-E55, 1) -> 0
H56: =MOD(F56-E56, 1) -> 0
H57: =MOD(F57-E57, 1) -> 0
H58: =MOD(F58-E58, 1) -> 0
H59: =MOD(F59-E59, 1) -> 0
H60: =MOD(F60-E60, 1) -> 0
H61: =MOD(F61-E61, 1) -> 0
H62: =MOD(F62-E62, 1) -> 0
H63: =MOD(F63-E63, 1) -> 0
H64: =MOD(F64-E64, 1) -> 0
H65: =MOD(F65-E65, 1) -> 0
... H69: =MOD(F69-E69, 1) -> 0

Sheet 21
A1: RELATÓRIO KPI - Zona Sul BENASSI
A2: REDES / FILIAIS | B2: MOTORISTA | C2: PLACA | D2: SAIDA CD | E2: CHD LOJA 1 | F2: SAIDA LOJA 1 | H2: TEMPO EM LOJA 1
A3: =IF(BASE!F2="","",BASE!F2) -> Zona Sul Loja 33 - Humaitá | B3: MOBRICI | C3: AOP-3C73 | D3: 0.20833333 | H3: =MOD(F3-E3, 1) -> 0
A4: =IF(BASE!F3="","",BASE!F3) -> Zona Sul Loja 36 - Botafogo | B4: MOBRICI | C4: AOP-3C73 | D4: 0.20833333 | H4: =MOD(F4-E4, 1) -> 0
A5: =IF(BASE!F4="","",BASE!F4) -> Zona Sul Loja 30 - Laranjeiras | B5: SIDNEI ANTONIO MENDES | C5: LQE-5401 | D5: 0.19097222 | H5: =MOD(F5-E5, 1) -> 0
A6: =IF(BASE!F5="","",BASE!F5) -> Zona Sul Loja 21 - Flamengo | B6: SIDNEI ANTONIO MENDES | C6: LQE-5401 | D6: 0.19097222 | H6: =MOD(F6-E6, 1) -> 0
A7: =IF(BASE!F6="","",BASE!F6) -> Zona Sul Loja 04 - Copacabana II | B7: SANDRO EDUARDO/ MARCIO | C7: KVH-9J42 | D7: 0.20138889 | H7: =MOD(F7-E7, 1) -> 0
A8: =IF(BASE!F7="","",BASE!F7) -> Zona Sul Loja 18 - Copacabana | B8: ALEX | C8: LKW-2B80 | D8: 0.19097222 | H8: =MOD(F8-E8, 1) -> 0
A9: =IF(BASE!F8="","",BASE!F8) -> Zona Sul Loja 27 - Ipanema | B9: FABIO/RODRIGO | C9: KQY-9E24 | D9: 0.20486111 | H9: =MOD(F9-E9, 1) -> 0
A10: =IF(BASE!F9="","",BASE!F9) -> Zona Sul Loja 15 - Leblon | B10: FABIO/RODRIGO | C10: KQY-9E24 | D10: 0.20486111 | H10: =MOD(F10-E10, 1) -> 0
A11: =IF(BASE!F10="","",BASE!F10) -> Zona Sul Loja 07 - Leblon | B11: RAPHAEL /LUIZ ALVES | C11: LCO-0978 | D11: 0.24305556 | H11: =MOD(F11-E11, 1) -> 0
A12: =IF(BASE!F11="","",BASE!F11) -> Zona Sul Loja 48 - Recreio | B12: JOSUE DOS SANTOS | C12: BBH-1C94 | D12: 0.20138889 | H12: =MOD(F12-E12, 1) -> 0
A13: =IF(BASE!F12="","",BASE!F12) -> Zona Sul Loja 13 - Angra | B13: JULIO | C13: CZB-9J19 | D13: SEM | E13: RASTREADOR | H13: =MOD(F13-E13, 1) -> #VALUE!
H14: =MOD(F14-E14, 1) -> 0
H15: =MOD(F15-E15, 1) -> 0
H16: =MOD(F16-E16, 1) -> 0
H17: =MOD(F17-E17, 1) -> 0
H18: =MOD(F18-E18, 1) -> 0
H19: =MOD(F19-E19, 1) -> 0
H20: =MOD(F20-E20, 1) -> 0
H21: =MOD(F21-E21, 1) -> 0
H22: =MOD(F22-E22, 1) -> 0
H23: =MOD(F23-E23, 1) -> 0
H24: =MOD(F24-E24, 1) -> 0
H25: =MOD(F25-E25, 1) -> 0
... H69: =MOD(F69-E69, 1) -> 0

Sheet matriz
A1: RELATÓRIO KPI - Zona Sul BENASSI
A2: REDES / FILIAIS | B2: MOTORISTA | C2: PLACA | D2: SAIDA CD | E2: CHD LOJA 1 | F2: SAIDA LOJA 1 | H2: TEMPO EM LOJA 1
H3: =MOD(F3-E3, 1) -> 0
H4: =MOD(F4-E4, 1) -> 0
H5: =MOD(F5-E5, 1) -> 0
H6: =MOD(F6-E6, 1) -> 0
H7: =MOD(F7-E7, 1) -> 0
H8: =MOD(F8-E8, 1) -> 0
H9: =MOD(F9-E9, 1) -> 0
H10: =MOD(F10-E10, 1) -> 0
H11: =MOD(F11-E11, 1) -> 0
H12: =MOD(F12-E12, 1) -> 0
H13: =MOD(F13-E13, 1) -> 0
H14: =MOD(F14-E14, 1) -> 0
... H69: =MOD(F69-E69, 1) -> 0

Sheet BASE
E1: LOJA
B2: =IF(BASE!G1="","",BASE!G1) | C2: CENTRAL (CD) - OLARIA | D2: Central (Cd) - Olaria | E2: 33 | F2: =VLOOKUP(E2,C:D,2,0) -> Zona Sul Loja 33 - Humaitá
C3: GARAGEM - PENHA | D3: Garagem - Penha | E3: 36 | F3: =VLOOKUP(E3,C:D,2,0) -> Zona Sul Loja 36 - Botafogo
C4: 1 | D4: Zona Sul Loja 01 - Ipanema | E4: 30 | F4: =VLOOKUP(E4,C:D,2,0) -> Zona Sul Loja 30 - Laranjeiras
C5: 2 | D5: Zona Sul Loja 02 - Ipanema | E5: 21 | F5: =VLOOKUP(E5,C:D,2,0) -> Zona Sul Loja 21 - Flamengo
C6: 3 | D6: Zona Sul Loja 03 - Copacabana I | E6: 4 | F6: =VLOOKUP(E6,C:D,2,0) -> Zona Sul Loja 04 - Copacabana II
C7: 4 | D7: Zona Sul Loja 04 - Copacabana II | E7: 18 | F7: =VLOOKUP(E7,C:D,2,0) -> Zona Sul Loja 18 - Copacabana
C8: 5 | D8: Zona Sul Loja 05 - Copacabana III | E8: 27 | F8: =VLOOKUP(E8,C:D,2,0) -> Zona Sul Loja 27 - Ipanema
C9: 6 | D9: Zona Sul Loja 06 - Gávea | E9: 15 | F9: =VLOOKUP(E9,C:D,2,0) -> Zona Sul Loja 15 - Leblon
C10: 7 | D10: Zona Sul Loja 07 - Leblon | E10: 7 | F10: =VLOOKUP(E10,C:D,2,0) -> Zona Sul Loja 07 - Leblon
C11: 8 | D11: Zona Sul Loja 08 - Ipanema | E11: 48 | F11: =VLOOKUP(E11,C:D,2,0) -> Zona Sul Loja 48 - Recreio
C12: 9 | D12: Zona Sul Loja 09 - Ipanema | E12: 13 | F12: =VLOOKUP(E12,C:D,2,0) -> Zona Sul Loja 13 - Angra
C13: 10 | D13: Zona Sul Loja 10 - Recreio | F13: =VLOOKUP(E13,C:D,2,0) -> #N/A
C14: 11 | D14: Zona Sul Loja 11 - Leblon | F14: =VLOOKUP(E14,C:D,2,0) -> #N/A
C15: 1129 | D15: Zona Sul Loja 1129 - Olaria | F15: =VLOOKUP(E15,C:D,2,0) -> #N/A
C16: 12 | D16: Zona Sul Loja 12 - Leme | F16: =VLOOKUP(E16,C:D,2,0) -> #N/A
C17: 13 | D17: Zona Sul Loja 13 - Angra | F17: =VLOOKUP(E17,C:D,2,0) -> #N/A
C18: 14 | D18: Zona Sul Loja 14 - Leblon | F18: =VLOOKUP(E18,C:D,2,0) -> #N/A
C19: 15 | D19: Zona Sul Loja 15 - Leblon | F19: =VLOOKUP(E19,C:D,2,0) -> #N/A
C20: 16 | D20: Zona Sul Loja 16 - Leblon | F20: =VLOOKUP(E20,C:D,2,0) -> #N/A
C21: 17 | D21: Zona Sul Loja 17 - Barra | F21: =VLOOKUP(E21,C:D,2,0) -> #N/A
C22: 18 | D22: Zona Sul Loja 18 - Copacabana | F22: =VLOOKUP(E22,C:D,2,0) -> #N/A
C23: 19 | D23: Zona Sul Loja 19 - Copacabana | F23: =VLOOKUP(E23,C:D,2,0) -> #N/A
C24: 20 | D24: Zona Sul Loja 20 - Botafogo | F24: =VLOOKUP(E24,C:D,2,0) -> #N/A
... C51: 48 | D51: Zona Sul Loja 48 - Recreio | F51: =VLOOKUP(E51,C:D,2,0) -> #N/A
C52: MEGABOX 1 | D52: Zona Sul Mega Box 1 - Olaria | F52: =VLOOKUP(E52,C:D,2,0) -> #N/A
C53: MEGABOX 2 | D53: Zona Sul Mega Box 2 - Recreio | F53: =VLOOKUP(E53,C:D,2,0) -> #N/A
C54: 47 | D54: Zona Sul Loja 47 - Catete | F54: =VLOOKUP(E54,C:D,2,0) -> #N/A
F55: =VLOOKUP(E55,C:D,2,0) -> #N/A
F56: =VLOOKUP(E56,C:D,2,0) -> #N/A
F57: =VLOOKUP(E57,C:D,2,0) -> #N/A
F58: =VLOOKUP(E58,C:D,2,0) -> #N/A
F59: =VLOOKUP(E59,C:D,2,0) -> #N/A
F60: =VLOOKUP(E60,C:D,2,0) -> #N/A
F61: =VLOOKUP(E61,C:D,2,0) -> #N/A
F62: =VLOOKUP(E62,C:D,2,0) -> #N/A
F63: =VLOOKUP(E63,C:D,2,0) -> #N/A
F64: =VLOOKUP(E64,C:D,2,0) -> #N/A
F65: =VLOOKUP(E65,C:D,2,0) -> #N/A
F66: =VLOOKUP(E66,C:D,2,0) -> #N/A
... F75: =VLOOKUP(E75,C:D,2,0) -> #N/A

Sheet endereço filiais
A2: LOJAS DO SUPERMERCADO ZONA SUL | D2: LOJAS DO SUPERMERCADO ZONA SUL
A4: LOJA 01 - IPANEMA | B4: RUA VISCONDE DE PIRAJÁ, 118/122/124 E 128-A - IPANEMA - RJ - CEP: 22410-000 - TEL.: 2523-0099 | D4: LOJA 27 - IPANEMA | E4: RUA VISCONDE DE PIRAJÁ, 577 - LOJA A - IPANEMA - RJ - CEP: 22410-003 - TEL.: 2540-5279
A5: LOJA 02 - IPANEMA | B5: RUA VISCONDE DE PIRAJÁ, 25 A/B - IPANEMA - RJ - CEP: 2241-001 - TEL.: 2523-8005 | D5: LOJA 28 - URCA | E5: RUA MARECHAL CANTUÁRIA, 178 - A - URCA - RJ - CEP: 22291-000 - TEL.: 2295-1570
A6: LOJA 03 - COPACABANA | B6: RUA FRANCISCO SÁ, 35 - C/D/E/F/G/H/I/J E 101 - SS - COPACABANA - RJ - CEP: 22080-010 - TEL.: 2523-4846 | D6: LOJA 29 - FLAMENGO | E6: RUA MARQUÊS DE ABRANTES, 181 - FLAMENGO - RJ - CEP: 22230-060 - TEL.: 2553-0300
A7: LOJA 04 - COPACABANA | B7: AV. RAINHA ELIZABETH, 325/333 - COPACABANA - RJ - CEP: 22081-030 - TEL.: 2523-0209 | D7: LOJA 30 - LARANJEIRAS | E7: RUA ESTEVES JÚNIOR, 36 - LARANJEIRAS (PRAÇA SÃO SALVADOR) - RJ - CEP: 22231-160 - TEL.: 2285-1089
A8: LOJA 05 - COPACABANA | B8: AV. NOSSA SENHORA DE COPACABANA, 1.369 - LOJA A - COPACABANA - RJ - CEP: 22070-010 - TEL.: 2523-6068 | D8: LOJA 1129-0 - OLARIA | E8: RUA COMANDANTE VERGUEIRO DA CRUZ - OLARIA, 380 - TEL.: 3924-8084
A9: LOJA 06 - GÁVEA | B9: AV. RODRIGO OTÁVIO, 269 - LOJA B/C - GÁVEA - RJ - CEP: 22450-060 - TEL.: 2511-1599 | D9: LOJA 31 - JD.BOTÂNICO | E9: RUA JARDIM BOTÂNICO, 81 - JARDIM BOTÂNICO - RJ - CEP: 22470-050 - TEL.: 2286-2174
A10: LOJA 07 - LEBLON | B10: RUA DIAS FERREIRA, 290 - LOJA A/B - LEBLON - RJ - CEP: 22431-050 - TEL.: 2259-4699 | D10: LOJA 32 - LARANJEIRAS | E10: RUA DAS LARANJEIRAS, 215/219 - LARANJEIRAS - RJ - CEP: 22240-004 - TEL.: 2246-0658
A11: LOJA 08 - IPANEMA | B11: RUA VISCONDE DE PIRAJÁ, 504-508 - IPANEMA - RJ - CEP: 22410-002 - TEL.: 2540-7878 | D11: LOJA 33 - HUMAITÁ | E11: RUA HUMAITÁ, 110 - HUMAITÁ - RJ - CEP: 2247-050 - TEL.: 2246-0658
A12: LOJA 09 - IPANEMA | B12: RUA PRUDENTE DE MORAES, 49 - IPANEMA - RJ - CEP: 22420-040 - TEL.: 2267-0361 | D12: LOJA 34 - BARRA | E12: AVENIDA DAS AMÉRICAS, 7870 - BARRA DA TIJUCA - RJ - CEP: 22793-020 - TEL.: 2499-3849
A13: LOJA 10 - RECREIO | B13: AV. DAS AMÉRICAS, 16.237 - KM 16 - RECREIO - CEP: 22790-701 - TEL.: 2437-6533 | D13: LOJA 35 - BARRA | E13: AV. LÚCIO COSTA, 4.700 - SETOR 1 - LOJA A - BARRA DA TIJUCA - RJ - CEP: 22630-011 - TEL.: 2434-5879
A14: LOJA 11 - LEBLON | B14: RUA CARLOS GÓES, 344 - LEBLON - RJ - CEP: 22440-040 - TEL.: 2512-2200 | D14: LOJA 36 - BOTAFOGO | E14: RUA ARNALDO QUINTELA, 70 - BOTAFOGO - RJ - CEP: 22280-070 - TEL.: 3172-3636
A15: LOJA 12 - LEME | B15: AVENIDA ATLÂNTICA, 866 - LEME - RJ - CEP: 22010-000 - TEL.: 2542-6949 | D15: LOJA 37 - BOTAFOGO | E15: RUA SÃO JOÃO BATISTA, 27 - LOJA A/B/C/D - BOTAFOGO - RJ - CEP: 22270-030 - TEL.: 2135-2009
... A28: OUTROS CONTATOS | B28: ESCRITÓRIO CENTRAL - TEL.: 2209-1212/2122-0010 DEPÓSITO CENTRAL - TEL.: 2209-1238 | D28: MEGA BOX - OLARIA | E28: ENTRADA 1 - AV. BRASIL, 9561 - OLARIA - RJ - TEL.: 2209-1299
A29: LOJA 25 - JD.BOTÂNICO | B29: RUA PACHECO LEÃO, 16 - JARDIM BOTÂNICO - RJ - CEP: 2246-030 - TEL.: 3874-4551 | E29: ENTRADA 2 - RUA COMANDANTE VERGUEIRO DA CRUZ, 380 - OLARIA - RJ - TEL.: 2209-1299
A30: LOJA 26 - COPACABANA | B30: AV. NOSSA SENHORA DE COPACABANA, 591/595 - COPACABANA - RJ - CEP: 22020-001 - TEL.: 2257-1172 | D30: MEGA BOX 2 - RECREIO | E30: AV. DAS AMÉRICAS, 13.700 - KM 16 - RECREIO - CEP: 22790-702 - TEL.: 2209-1236
